University,OUAC Code,Program name,Top 6 Average
Brock,BAI,Concurrent BA Integrated Studies (Honours) BEd Junior/Intermediate,92
Brock,BAI,Concurrent BA (Honours) BEd Intermediate/Senior (English),92
Brock,BAJ,Concurrent BA/BEd-Jr/Int-Integrated Studies,90.83
Brock,BCH,BSc Honours: Biochemistry,97
Brock,BD,Child and Youth Studies,93
Brock,BDP,Concurrent BA Child & Youth Studies (Honours) BEd Primary/Junior,89.5
Brock,BG,BSc Honours: Computer Science,89
Brock,BG,BSc Honours: Computer Science,95
Brock,BG,BSc Honours: Computer Science,80
Brock,BGE,Geography,94.33
Brock,BH,BSc Honours: Mathematics & Statistics,83
Brock,BI,Bachelors of science,81.66
Brock,BII,Honours Concurrent BSc/BEd-Intermediate/Senior - Chemistry Major,95
Brock,BII,Concurrent BSc (Honours) BEd Intermediate/Senior (Mathematics),92.33
Brock,BIM,BSc Honours: Biomedical Sciences,89
Brock,BIM,BSc Honours: Biomedical Sciences,93
Brock,BIM,BSc Honours: Biomedical Sciences,88.25
Brock,BIN,BSc Honours: Neuroscience Co-op,94
Brock,BK,BAcc Honours: Accounting,93
Brock,BK,BAcc Honours: Accounting,86
Brock,BK,BAcc Honours: Accounting - Co-op,93
Brock,BK,BAcc Honours: Accounting,88.33
Brock,BK,BAcc Honours: Accounting,83.25
Brock,BK,BAcc Honours: Accounting - Co-op,89
Brock,BND,BBA Honours: Business Administration Co-op International Double Degree,88
Brock,BNS,BScN Honours: Nursing,94.66
Brock,BNS,BScN Honours: Nursing,94
Brock,BNS,BScN Honours: Nursing,93
Brock,BNS,BScN Honours: Nursing,91
Brock,BNS,BScN Honours: Nursing,95.67
Brock,BNS,BScN Honours: Nursing,90
Brock,BNS,BScN Honours: Nursing,94.8
Brock,BNS,BScN Honours: Nursing,91
Brock,BPE,Concurrent BA Integrated Studies (Honours) BEd Junior/Intermediate: Educational Studies,91
Brock,BPI,Concurrent Teacher Education - Intermediate/Senior,96.67
Brock,BPY,psychology BA,79
Brock,BSH,BSc Honours: Medical Sciences,89.5
Brock,BSM,Sport Management,90
Carleton,CBE,Economics Honours - Financial Economics,84.2
Carleton,CC,Commerce (Finance (co-op optional)),84
Carleton,CC,Bachelor of Commerce - Honours,94
Carleton,CC,Bachelor of Commerce Honours: Accounting,91
Carleton,CC,Commerce Business Analytics,84.2
Carleton,CC,Commerce,94
Carleton,CC,Commerce (Accounting (co-op optional)),87
Carleton,CEA,Engineering: Aerospace,97.8
Carleton,CEA,Engineering: Aerospace Co-Op,97
Carleton,CEA,Engineering: Aerospace Co-Op,97.8
Carleton,CEA,Engineering: Aerospace,91
Carleton,CEA,Engineering: Aerospace Co-Op,91
Carleton,CEA,Engineering: Aerospace Co-Op,91
Carleton,CEA,Engineering: Aerospace Co-Op,96
Carleton,CEA,Engineering: Aerospace,88.5
Carleton,CEA,Engineering: Aerospace Co-Op,89.33
Carleton,CEB,Engineering: Civil,90.25
Carleton,CEC,Computer Systems Engineering,96
Carleton,CEC,Computer Systems Engineering (Co-op),92.2
Carleton,CED,Engineering: Mechanical,89.5
Carleton,CED,Engineering: Mechanical,90
Carleton,CED,Engineering: Mechanical,92.17
Carleton,CED,Engineering: Mechanical,95
Carleton,CED,Engineering: Mechanical,91.83
Carleton,CEF,Electrical Engineering,98.67
Carleton,CEF,Engineering: Electrical (Co-op),92.2
Carleton,CEF,Electrical Engineering,90
Carleton,CEF,Engineering: Electrical (Co-op),89
Carleton,CEG,Engineering: Biomedical and Electrical,89.67
Carleton,CEG,"Biomedical and electrical engineering, coop",92.8
Carleton,CES,Engineering: Software,84.6
Carleton,CES,"Bachelor of Engineering: Software, Co-operative Education",88
Carleton,CES,Engineering: Software,97.5
Carleton,CES,Engineering: Software,93
Carleton,CES,Engineering: Software,81
Carleton,CES,Engineering: Software,90
Carleton,CEX,Engineering: Architectural Conservation and Sustainability,81.8
Carleton,CH,Arts Honours,94
Carleton,CH,Arts Honours,90.05
Carleton,CHS,Health Sciences Honours,86.33
Carleton,CK,Science Major - Biology,91
Carleton,CK,Science Major - Biology,90.67
Carleton,CMA,Bachelor of Mathematics Honours: Statistics: Actuarial Science Co-op,93
Carleton,CMA,Bachelor of Mathematics (co-op),96.5
Carleton,CN,Nursing,91
Carleton,COD,Computer Science Co-op - AI/ML Specialization,99.7
Carleton,COD,Computer Science Honours with co-op,99
Carleton,COD,Computer Science Honours (Cybersecurity (co-op optional)),98
Carleton,COD,Computer Science: AI and Machine Learning,97.5
Carleton,COD,Computer Science Honours (Artificial Intelligence and Machine Learning (co-op optional)),97
Carleton,COD,Computer Science Honours (CS/no-stream) + COOP,96.83
Carleton,COD,Computer Science Honours (Artificial Intelligence and Machine Learning (co-op optional)),95
Carleton,COD,Computer Science Honours with co-op,94
Carleton,COD,Computer Science Honours (Software Engineering - co-op),93.66
Carleton,COD,Computer Science Honours,93.66
Carleton,COD,Computer Science Honours,95.667
Carleton,COD,Computer Science Honours,95
Carleton,COD,Computer Science Honours (Algorithms Stream) + COOP,94.5
Carleton,COD,Computer Science Honours,93
Carleton,COD,Computer Science Honours (CS/AI Stream) + Co-Op,93
Carleton,COD,Computer Science Honours co-op,94.8
Carleton,COD,Computer Science Honours with co-op,92
Carleton,COD,Computer Science,94.3
Carleton,COD,Computer Science Honours (Artificial Intelligence and Machine Learning (co-op optional)),92.83
Carleton,COD,Computer Science Honours,90.75
Carleton,CPX,Public Affairs & Policy Management (International Policy Studies: International Relations & Conflict (co-op),92.5
Carleton,CPX,"Bachelor of Public Affairs and Policy Management Honours, Specialization in International Policy Studies (International Relations and Conflict) with Co-op",91
Carleton,CT,Bachelor of Science Honours: Chemistry,86.75
Guelph,GBD,Management Economics & Finance,84
Guelph,GBD,Management Economics & Finance,92.33
Guelph,GBD,Management Economics & Finance,88
Guelph,GBD,Management Economics & Finance (Regular),85.5
Guelph,GBD,Management Economics & Finance,85.5
Guelph,GBE,Marketing Management (Co-op),80
Guelph,GBI,Biomedical Engineering (Co-op and Regular),98.8
Guelph,GBJ,"Commerce - Government, Economics and Management ( co-op )",89.67
Guelph,GBK,Accounting (Co-op and Regular),92
Guelph,GBK,Accounting (Co-op and Regular),85.76
Guelph,GBK,Accounting (Regular),85.5
Guelph,GBL,Computer Engineering (Co-op and Regular),96.5
Guelph,GBS,Software Engineering (Co-Op),92
Guelph,GBS,Software Engineering (Regular),84.2
Guelph,GBS,Software Engineering (Co-Op),94.67
Guelph,GCJ,Criminal Justice and Public Policy (Co-op and Regular),90
Guelph,GCT,Computer Science (Co-op and Regular),98.3
Guelph,GCT,Computer science co-op,92
Guelph,GCT,Computer Science (Co-op and Regular),91.33
Guelph,GCT,Computer Science (Co-op and Regular),94.33
Guelph,GCT,Computer Science (Co-op and Regular),90
Guelph,GCT,Computer Science (Co-op and Regular),88.75
Guelph,GCT,Computer Science (Co-op and Regular),88
Guelph,GCT,Computer Science (Co-op and Regular),86
Guelph,GCT,Computer Science (Co-op and Regular),94.3
Guelph,GCT,Computer Science (Co-op and Regular),83.83
Guelph,GDB,Business Administration,89
Guelph,GFD,Family Studies and Human Development,99
Guelph,GK,"Bachelor of Arts, Honours Major English",89
Guelph,GK,All Other Majors (Culture and Technology Studies (co-op optional)),84
Guelph,GK,Political science,89.67
Guelph,GL,Landscape Architecture,92.5
Guelph,GMA,Honours Bachelor of Applied Science in Psychology AND Diploma in General Arts & Science,95
Guelph,GME,Mechanical Engineering (Co-op and Regular),94
Guelph,GME,Mechanical Engineering (Co-op and Regular),95
Guelph,GME,Mechanical Engineering (Co-op and Regular),93.75
Guelph,GME,Mechanical Engineering (Co-op and Regular),90.33
Guelph,GME,Mechanical Engineering (Co-op and Regular),89
Guelph,GMH,Bachelor of Mathematics (Honours),91.33
Guelph,GMH,Bachelor of Mathematics - mathematical science,92.5
Guelph,GMH,Bachelor of Mathematics (Honours),86
Guelph,GMR,Mechatronics Engineering Co-op,96
Guelph,GMR,Mechatronics Engineering (Co-op and Regular),94.33
Guelph,GNG,"Bachelor of Arts, General",83
Guelph,GOH,One Health,93
Guelph,GPS,Psychology BA (Co-op and Regular),94
Guelph,GPS,Psychology BA (Co-op and Regular),95.83
Guelph,GZ,Bachelor of Science (Food Science),96.83
Guelph,GZ,"Bachelor of Science, Honours Co-op Major Molecular Biology and Genetics",82
Guelph,GZ,"Bachelor of Science, Honours Co-op Major Wildlife Biology & Conservation",82
Guelph,GZ,"Bachelor of Science, Honours Co-op Major Chemistry",95
Guelph,GZ,All Other Majors (Biological & Medical Physics (co-op optional),94
Guelph,GZ,All Other Majors (Microbiology (co-op)),93
Guelph,GZ,"Bachelor of Science Honours, Biomedical Toxicology - Non-Co-op",89
Guelph,GZ,"All Other Majors (Bachelor of Science, Honours Co-op Major Microbiology)",90.67
Guelph,GZ,Biochemistry,90
Guelph,GZ,Chemistry (co-op optional),86.75
Guelph,GZ,All Other Majors (Nutritional & Nutraceutical Sciences,86.33
Guelph,GZ,Science,84.33
Guelph,GZ,All Other Majors - Biomedical Toxicology (Coop),88.25
Guelph,GZ,All Other Majors (Molecular Biology and Genetics with co-op),92
Guelph,GZ,All Other Majors (Biological & Medical Physics (co-op optional),82.33
Guelph,GZA,Animal Biology,98
Guelph,GZA,Animal Biology,93.17
Guelph,GZA,Animal Biology,92
Guelph,GZA,Animal Biology,91.5
Guelph,GZA,Animal Biology,90.67
Guelph,GZB,Bio-Medical Science,95.67
Guelph,GZB,Bio-Medical Science,99
Guelph,GZB,Bio-Medical Science,98.17
Guelph,GZB,Bio-Medical Science,96.5
Guelph,GZB,Bio-Medical Science,95
Guelph,GZB,Bio-Medical Science,94.5
Guelph,GZB,Bio-Medical Science,93.83
Guelph,GZB,Bio-Medical Science,92
Guelph,GZB,Bio-Medical Science,91.33
Guelph,GZB,Bio-Medical Science,92.17
Guelph,GZK,Human Kinetics,94.5
Guelph,,Eng systems and computing,89
Guelph-Humber,GDB,Business Administration,83
Guelph-Humber,GHE,Applied Science in Early Childhood Studies,87
Guelph-Humber,GMP,Honours Bachelor of Applied Science in Justice Studies AND Diploma in Police Foundations OR Community and Justice Services,87
Guelph-Humber,GMT,Honours Bachelor of Applied Arts in Media and Communication Studies AND Diploma in Media Communications,84
Lakehead,AAH,Nursing,93.2
Lakehead,AAP,Sociology,79
Lakehead,AK,Concurrent Education (Primary/Junior - Teach Kindergarten to Grades 6) (Thunder Bay & Orillia) (Interdisciplinary Studies with Social Justice (Orillia)),89
Lakehead,AK,Concurrent Education (Primary/Junior - Teach Kindergarten to Grades 6) (Thunder Bay & Orillia) (Geography (Arts & Sciences) (Orillia)),93
Lakehead,AL,"Concurrent Education (Intermediate/Senior), HBA English",93
Lakehead,AM,Engineering (co-op available) (Thunder Bay & Barrie),97.7
Lakehead,AM,Engineering Co-Op,79
Laurentian,LAK,Concurrent Education - Arts (Junior/Intermediate) (Psychology),89
Laurentian,LBW,BSc (Hons) Spec. Biomedical Biology,93
Laurentian,LCS,Computer Science,88.167
Laurentian,LNE,Nursing,87.4
Laurentian,LNE,Nursing,92.66
Laurier,UAG,"Computer Science (BSc), Waterloo Campus",86
Laurier,UAG,Computer Science (BA),88
Laurier,UAI,Arts Degree (BA) and MBA (Co-op),88.5
Laurier,UAK,Computer Science,88
Laurier,UB,Business Administration (BBA),95
Laurier,UB,Business Administration (BBA),98
Laurier,UB,Business Administration (BBA),97
Laurier,UB,Business Administration (BBA),96
Laurier,UB,Business Administration (BBA),98
Laurier,UB,Business Administration (BBA),95.8
Laurier,UB,"Business Administration (BBA), Waterloo Campus",95.66
Laurier,UB,"Business Administration (BBA), Waterloo Campus",98
Laurier,UB,"Business Administration (BBA), Waterloo Campus",97
Laurier,UB,Business Administration (BBA),92
Laurier,UB,"Business Administration (BBA), Waterloo Campus",95.67
Laurier,UB,"Business Administration (BBA), Waterloo Campus",93
Laurier,UB,Business Administration (BBA),92
Laurier,UB,Business Administration (BBA),91.5
Laurier,UB,Business Administration (BBA),93
Laurier,UB,Business Administration (BBA),94.5
Laurier,UB,Business Administration (BBA),91
Laurier,UB,Business Administration (BBA),90
Laurier,UB,Business Administration (BBA),95
Laurier,UB,"Business Administration (BBA), Waterloo Campus",94
Laurier,UB,"Business Administration (BBA), Waterloo Campus",92.5
Laurier,UB,Business Administration (BBA),94.6
Laurier,UB,Business Administration (BBA),91.7
Laurier,UB,Business Administration (BBA),90
Laurier,UB,"Business Administration (BBA), Waterloo Campus",92.83
Laurier,UB,"Business Administration (BBA), Waterloo Campus",90
Laurier,UB,"Business Administration (BBA), Waterloo Campus",90
Laurier,UB,"Business Administration (BBA), Waterloo Campus",95.55
Laurier,UB,Business Administration (BBA),90.3
Laurier,UB,Business Administration (BBA),90.17
Laurier,UB,Business Administration (BBA),90
Laurier,UB,"Business Administration (BBA), Waterloo Campus",88.3
Laurier,UB,Business Administration (BBA),88
Laurier,UB,"Business Administration (BBA), Waterloo Campus",88.2
Laurier,UB,"Business Administration (BBA), Waterloo Campus",91.83
Laurier,UB,"Business Administration (BBA), Waterloo Campus",87
Laurier,UB,Business Administration (BBA),93.33
Laurier,UB,Business Administration (BBA),86.5
Laurier,UB,Business Administration (BBA),87
Laurier,UB,Business Administration (BBA),85
Laurier,UB,"Business Administration (BBA), Waterloo Campus",94
Laurier,UBA,Biology (BA),89
Laurier,UBA,"Biology (BA), Waterloo Campus",91
Laurier,UBF,"Business Administration (BBA) and Financial Mathematics and Analytics (BA) Double Degree, Waterloo Campus",94
Laurier,UBF,"Business Administration (BBA) and Financial Mathematics and Analytics (BA) Double Degree, Waterloo Campus",95
Laurier,UBF,"Business Administration (BBA) and Financial Mathematics and Analytics (BA) Double Degree, Waterloo Campus",95
Laurier,UBF,"Business Administration (BBA) and Financial Mathematics and Analytics (BA) Double Degree, Waterloo Campus",98.67
Laurier,UBF,"Business Administration (BBA) and Financial Mathematics and Analytics (BA) Double Degree, Waterloo Campus",93
Laurier,UBF,"Business Administration (BBA) and Financial Mathematics and Analytics (BA) Double Degree, Waterloo Campus",91
Laurier,UBF,"Business Administration (BBA) and Financial Mathematics and Analytics (BA) Double Degree, Waterloo Campus",93
Laurier,UBI,"Biochemistry and Biotechnology (BSc), Waterloo Campus",89
Laurier,UBW,Mathematics and Data Analytics (BSc),96.5
Laurier,UCI,Criminology (BA),77
Laurier,UCN,Computer Science,88
Laurier,UCN,Computer Science (Milton BSc),89
Laurier,UD,Economics,89
Laurier,UDA,"Economics and Accounting (BA), Waterloo Campus",95
Laurier,UDA,"Economics and Accounting (BA), Waterloo Campus",93.6
Laurier,UDA,Economics and Accounting (BA),86
Laurier,UDH,Economics and Financial Management (BA) with Management Option,84
Laurier,UDH,"Economics and Financial Management (BA) with Management Option, Waterloo Campus",87
Laurier,UDM,"Data Science (BSc) with Management Option, Waterloo Campus",89
Laurier,UDS,Data Science (BSc),97
Laurier,UDS,Data Science (BSc),92
Laurier,UDS,Data Science (BSc),92
Laurier,UDS,Data Science (BSc),88.5
Laurier,UE,"Biology (BSc) Programs, Waterloo Campus",91
Laurier,UE,Biology (BSc),87.66
Laurier,UE,Biology (BSc),95
Laurier,UE,Biology (BSc),84
Laurier,UED,Economics and Data Analytics,93
Laurier,UFA,"Computer Science (BSc), Waterloo Campus",89
Laurier,UFA,"Computer Science (BSc), Waterloo Campus",95.3
Laurier,UFA,Computer Science (BSc),95
Laurier,UFA,"Computer Science (BSc), Waterloo Campus",95
Laurier,UFA,"Computer Science (BSc), Waterloo Campus",93.66
Laurier,UFA,Computer Science (BSc),92
Laurier,UFA,Computer Science (BSc),83
Laurier,UFA,Computer Science (BSc),89
Laurier,UFA,"Computer Science (BSc), Waterloo Campus",87
Laurier,UFA,"Computer Science (BSc), Waterloo Campus",90.75
Laurier,UFT,Computer Science & Psychology,94
Laurier,UH,Political Science,82.68
Laurier,UH,Political Science,89.67
Laurier,UH,"Honours Arts (BA) Programs, All Arts Majors, Waterloo Campus (major in political science)",88.3
Laurier,UH,Honours Arts (BA),89
Laurier,UH,"Honours Arts (BA) Programs, All Arts Majors, Waterloo Campus (Sociology)",83
Laurier,UH,"Honours Arts (BA) Programs, All Arts Majors, Waterloo Campus",83
Laurier,UHC,BSc Chemistry,95
Laurier,UHP,Psychology BA waterloo campus,87
Laurier,UID,BA International Education Studies,95.5
Laurier,ULA,"Law Degree (LLB) at University of Sussex and Arts Degree (BA), Waterloo Campus",89
Laurier,ULA,"Law Degree (LLB) at University of Sussex and Arts Degree (BA), Waterloo Campus",89
Laurier,ULA,"Law Degree (LLB) at University of Sussex and Arts Degree (BA), Waterloo Campus",91
Laurier,ULS,Law Degree (LLB) at University of Sussex and Science Degree (BSc),84
Laurier,UMA,"Arts Degree (BA) and Master's Degree (MA, MAP or MIPP) (English)",93
Laurier,UMG,BSc Biology; Bio & Psych + Management Option Waterloo Campus,93
Laurier,UMG,Biology (BSc) with managment option,89
Laurier,UMT,Health Sciences (BSc) with Management Option,89
Laurier,UMT,Health Sciences (BSc) with Management Option,83.6
Laurier,UPS,Psychology (BSc),93.16
Laurier,UPS,"Psychology (BSc), Non-Co-op",81
Laurier,UPS,"Psychology (BSc), Waterloo Campus",91
Laurier,UPS,"Psychology (BSc), Waterloo Campus",90.16
Laurier,UPS; UMX,Psychology & Neuroscience Co-op (BSc),93.3
Laurier,USH,Health Sciences,95
Laurier,USH,Health Sciences,89
Laurier,USH,Health Sciences Co-op,94
Laurier,USH,"Health Sciences (BSc), Waterloo Campus",87
Laurier,USH,"Health Sciences (BSc), Waterloo Campus",93
Laurier,USH,"Health Sciences (BSc), Waterloo Campus",92.3
Laurier,USH,Health Sciences,88.7
Laurier,USH,"Health Sciences (BSc), Waterloo Campus",94
Laurier,USH,Health Sciences,90.7
Laurier,USH,"Health Sciences (BSc), Waterloo Campus",95
Laurier,USH,"Health Sciences (BSc), Waterloo Campus",94
Laurier,USH,"Health Sciences (BSc), Waterloo Campus",91
Laurier,USH,"Health Sciences (BSc), Waterloo Campus",84
Laurier,USH,Health Sciences (BSC),93
Laurier,USH,Health Sciences,92
Laurier,USH,Health Sciences,94
Laurier,USH,Health Sciences (Bsc),85.5
Laurier,USH,Health Sciences (Bsc),97
Laurier,USH,Health Sciences,89
Laurier,USH,Health Sciences,84
Laurier,USH; UMT,Health Sciences (BSc),93.3
Laurier,USM,"Financial Mathematics and Analytics (BSc), Waterloo Campus",93.67
Laurier,UWA,Honours Science (BSc) Waterloo Campus,88.7
Laurier,UWB,"Business Administration (BBA) + Computer Science (BCS), University of Waterloo",99
Laurier,UWB,BBA,90.3
Laurier,UWB,"Business Administration (BBA) + Computer Science (BCS), University of Waterloo",99.5
Laurier,UWB,"Business Administration (BBA) + Computer Science (BCS), University of Waterloo",96.67
Laurier,UWB,"Business Administration (BBA) + Computer Science (BCS), University of Waterloo",96
Laurier,UWB,"Business Administration (BBA) + Computer Science (BCS), University of Waterloo",97
Laurier,UWC,"Computer Science and Physics (BSc), Waterloo Campus",94.2
Laurier,UWW,"Business Administration (BBA) + Mathematics (BMath), University of Waterloo",96.33
Laurier,UWW,BBA (Waterloo Campus),97
Laurier,UXA,"Business Administration (BBA) and Computer Science (BSc) Double Degree, Waterloo Campus",95
Laurier,UXA,"Business Administration (BBA) and Computer Science (BSc) Double Degree, Waterloo Campus",95
Laurier,UXA,Business Administration (BBA) and Computer Science (Bsc) Double Degree,93
Laurier,UXA,"Business Administration (BBA) and Computer Science (BSc) Double Degree, Waterloo Campus",91.33
Laurier,UXA,"Business Administration (BBA) and Computer Science (BSc) Double Degree, Waterloo Campus",88
Laurier,UXA,"Business Administration (BBA) and Computer Science (BSc) Double Degree, Waterloo Campus",88.3
Laurier,UXA,Business Administration (BBA) and Computer Science (BSc),90.5
Laurier,UYT,"Youth and Childrens Studies (BA) with Teaching Option, Brantford Camous",93
McMaster,MAT,Automotive and vehicle engineering technology,89.33
McMaster,MB,Business I,90.3
McMaster,MB,Business I,95.5
McMaster,MB,Business I,94
McMaster,MB,Business I,92.67
McMaster,MB,Business I,92
McMaster,MB,Business I,91.4
McMaster,MB,Business I,88.33
McMaster,MB,Business I,96
McMaster,MB,Business I,93.8
McMaster,MB,Business I,93.66
McMaster,MB,Business I,92
McMaster,MB,Business I,89
McMaster,MB,Business I,87
McMaster,MB,Business I,86.25
McMaster,MB,Business I,92.83
McMaster,MB,Business I,86.3
McMaster,MB,Business I (Finance),85.5
McMaster,MB,Business I,90
McMaster,MBH,Integrated Business & Humanities I (IBH),93
McMaster,MC,Computer Science I,93
McMaster,MCC,Computer Science I (Co-op),96.5
McMaster,MCC,Computer Science I (Co-op),94
McMaster,MCC,Computer Science I (Co-op),97.33
McMaster,MCC,Computer Science I (Co-op),96.25
McMaster,MCC,Computer Science I (Co-op),95.66
McMaster,MCC,Computer Science I (Co-op),95.33
McMaster,MCC,Computer Science I (Co-op),95
McMaster,MCC,Computer Science I (Co-op),94.8
McMaster,MCC,Computer Science I (Co-op),94.67
McMaster,MCC,Computer Science I (Co-op),97.8
McMaster,MCC,Computer Science I (Co-op),94
McMaster,MCC,Computer Science I (Co-op),92.25
McMaster,MCC,Computer Science I (Co-op),96.5
McMaster,MCC,Computer Science I (Co-op),95.67
McMaster,MCC,Computer Science 1 (coop),93.5
McMaster,MCC,Computer Science I (Co-op),92.33
McMaster,MCC,Computer Science I (Co-op),96.41
McMaster,ME,Engineering I,97
McMaster,ME,Computer Science I (Co-op),96.33
McMaster,ME,Engineering I,96
McMaster,ME,Engineering I,96
McMaster,ME,Engineering I,96
McMaster,ME,Engineering I,93
McMaster,ME,Engineering I,97.67
McMaster,ME,Engineering I,94
McMaster,ME,Engineering I,95.3
McMaster,ME or MEC,Engineering I,97.5
McMaster,ME or MEC,Engineering I (Co-op),96
McMaster,MEC,Engineering I (Co-op),100
McMaster,MEC,Engineering I (Co-op),98.67
McMaster,MEC,Engineering I (Co-op),98
McMaster,MEC,Engineering I (Co-op),98
McMaster,MEC,Engineering I (Co-op),97.33
McMaster,MEC,Engineering I (Co-op),97.33
McMaster,MEC,Engineering I (Co-op),97.17
McMaster,MEC,Engineering I (Co-op),97
McMaster,MEC,Engineering I (Co-op),97
McMaster,MEC,Engineering I (Co-op),96.67
McMaster,MEC,Engineering I (Co-op),95.7
McMaster,MEC,Engineering I (Co-op),95
McMaster,MEC,Engineering I (Co-op),94.33
McMaster,MEC,Engineering I (Co-op),93.83
McMaster,MEC,Engineering I (Co-op),93.75
McMaster,MEC,Engineering I (Co-op),93.67
McMaster,MEC,Engineering I (Co-op),93.5
McMaster,MEC,Engineering I (Co-op),92.8
McMaster,MEC,Engineering I (Co-op),98
McMaster,MEC,Engineering I (Co-op),97.5
McMaster,MEC,Engineering I (Co-op),96
McMaster,MEC,Engineering I (Co-op),95.83
McMaster,MEC,Engineering I (Co-op),95.66
McMaster,MEC,Engineering I (Co-op),95.2
McMaster,MEC,Engineering I (Co-op),93.16
McMaster,MEC,Engineering I (Co-op),93
McMaster,MEC,Engineering I (Co-op),92.83
McMaster,MEC,Engineering I (Co-op),92.66
McMaster,MEC,Engineering I (Co-op),95.33
McMaster,MEC,Engineering I (Co-op),91.33
McMaster,MEC,Engineering I (Co-op),95
McMaster,MEE,Environmental and Earth Sciences Gateway,88.33
McMaster,MEE,Environmental and Earth Sciences Gateway,87.25
McMaster,MEE,Environmental and Earth Sciences Gateway,86
McMaster,MEH,Integrated Biomedical Engineering & Health Sciences (Co-op),96.5
McMaster,MEI,Integrated Biomedical Engineering & Health Sciences (Co-op),99.4
McMaster,MEI,Integrated Biomedical Engineering & Health Sciences (Co-op),92.67
McMaster,MEI,Integrated Biomedical Engineering & Health Sciences (Co-op),98.9
McMaster,MEI,Integrated Biomedical Engineering & Health Sciences (Co-op),98
McMaster,MEI,Integrated Biomedical Engineering & Health Sciences (Co-op),97.5
McMaster,MEI,Integrated Biomedical Engineering & Health Sciences (Co-op),97
McMaster,MEI,Integrated Biomedical Engineering & Health Sciences (Co-op),96
McMaster,MEI,Integrated Biomedical Engineering & Health Sciences (Co-op),94.8
McMaster,MEI,Integrated Biomedical Engineering & Health Sciences (Co-op),97.67
McMaster,MEI,Integrated Biomedical Engineering & Health Sciences (Co-op),96
McMaster,MH,Humanities I,93.33
McMaster,MH,Humanities I,87
McMaster,MH,Humanities I,88
McMaster,MIS,Integrated Science,94.8
McMaster,MIS,Integrated Science,96.67
McMaster,MIS,Integrated Science,93.67
McMaster,ML,Social Sciences I,91.83
McMaster,ML,Social Sciences I,89
McMaster,ML,Social Sciences I,90.4
McMaster,ML,Social Sciences I,96
McMaster,ML,Social Sciences I,92.5
McMaster,ML,Social Sciences I,90
McMaster,ML,Social Sciences I,96.5
McMaster,ML,Humaniti 1,92.5
McMaster,ML,Social Sciences I (Psychology),90.16
McMaster,ML,Social Sciences I,87
McMaster,ML,Social Sciences I,86.33
McMaster,ML,Social Sciences I,81.83
McMaster,MLE,Economics I,87
McMaster,MLS,Life Sciences Gateway,99.33
McMaster,MLS,Life Sciences Gateway,99.33
McMaster,MLS,Life Sciences Gateway,97.67
McMaster,MLS,Life Sciences Gateway,97.33
McMaster,MLS,Life Sciences Gateway,96
McMaster,MLS,Life Sciences Gateway,96
McMaster,MLS,Life Sciences Gateway,96
McMaster,MLS,Life Sciences Gateway,95.67
McMaster,MLS,Life Sciences Gateway,95.66
McMaster,MLS,Life Sciences Gateway,95
McMaster,MLS,Life Sciences Gateway,95
McMaster,MLS,Life Sciences Gateway,94.25
McMaster,MLS,Life Sciences Gateway,94
McMaster,MLS,Life Sciences Gateway,98.5
McMaster,MLS,Life Sciences Gateway,95.67
McMaster,MLS,Life Sciences Gateway,93.5
McMaster,MLS,Life Sciences Gateway,94.17
McMaster,MLS,Life Sciences Gateway,96
McMaster,MLS,Life Sciences Gateway,94.69
McMaster,MLS,Life Sciences Gateway,94.5
McMaster,MLS,Life Sciences Gateway (Life Sciences),94.5
McMaster,MLS,Life Sciences Gateway,94.33
McMaster,MLS,Life Sciences Gateway,94
McMaster,MLS,Life Sciences Gateway,94
McMaster,MLS,Life Sciences Gateway,94
McMaster,MLS,Life Sciences Gateway,93.33
McMaster,MLS,Life Sciences Gateway,93
McMaster,MLS,Life Sciences Gateway,92.83
McMaster,MLS,Life Sciences Gateway,92.8
McMaster,MLS,Life Sciences Gateway,95.33
McMaster,MLS,Life Sciences Gateway,91
McMaster,MN,Nursing,94
McMaster,MN,Nursing,98.5
McMaster,MN,Nursing,97
McMaster,MN,Nursing,96
McMaster,MN,Nursing,94.33
McMaster,MN,Nursing,94
McMaster,MN,Nursing,93.83
McMaster,MN,Nursing,93.33
McMaster,MN,Nursing,93.17
McMaster,MN,Nursing,93.88
McMaster,MNM,Nursing (Mohawk-McMaster),94
McMaster,MNM,Nursing (Mohawk-McMaster),90.83
McMaster,MNS,Honours Health Sciences I,98.83
McMaster,MNS,Honours Health Sciences I,98.5
McMaster,MNS,Honours Health Sciences I,98.5
McMaster,MNS,Honours Health Sciences I,97
McMaster,MNS,Honours Health Sciences I,96
McMaster,MNS,Honours Health Sciences I,91.83
McMaster,MNS,Honours Health Sciences I,91.67
McMaster,MNS,Honours Health Sciences I,91
McMaster,MPS,Chemical & Physical Sciences Gateway,88.33
McMaster,MPS,Chemical & Physical Sciences Gateway,93
McMaster,MPS,Chemical & Physical Sciences Gateway,91.25
McMaster,MPS,Chemical & Physical Sciences Gateway,89
McMaster,MPS,Chemical & Physical Sciences Gateway,85
McMaster,MPT,Automation Systems Engineering Technology,93
McMaster,MRS,Honours Medical Radiation,95.33
McMaster,MTT,Biotechnology Co-op,92
McMaster,MV,Honours Kinesiology,95
McMaster,MV,Honours Kinesiology,95
McMaster,MV,Honours Kinesiology,94
McMaster,MV,Honours Kinesiology,93.5
McMaster,MV,Honours Kinesiology,93
McMaster,MV,Honours Kinesiology,92.12
McMaster,MV,Honours Kinesiology,90.17
McMaster,MV,Honours Kinesiology,97.5
McMaster,MV,Honours Kinesiology,96
McMaster,MV,Honours Kinesiology,92.8
McMaster,MV,Honours Kinesiology,92
McMaster,MV,Honours Kinesiology,92
McMaster,MX,Arts and Science I,98.17
McMaster,MY,Honours Midwifery,92
McMaster,MZ,Mathematics and Statistics Gateway,96.33
McMaster,MZ,Mathematics and Statistics Gateway,96
McMaster,MZ,Mathematics and Statistics Gateway,95.6
McMaster,MZ,Mathematics and Statistics Gateway,93.66
McMaster,MZ,Mathematics and Statistics Gateway,92.33
McMaster,MZ,Mathematics and Statistics Gateway,91.83
McMaster,MZ,Mathematics and Statistics Gateway,91
McMaster,MZ,Mathematics and Statistics Gateway,93
McMaster,,Actuarial and Financial Mathmatics,84.33
New York University,,NYU Neurosci,97.8
Nipissing,PEA,Concurrent Bachelor of Arts/Bachelor of Education - Junior/Intermediate (Child/Family Studies),90
Nipissing,PSN,Bachelor of Science in Nursing,94
OCAD,HGD,Graphic Design- Honours,85
OCAD,HIL,Illustration,96.5
OCAD,HPT,Photography,73
Ontario Tech,DAO,"Bachelor of Arts (Hons), Political Science",93.25
Ontario Tech,DBF,Finance (BCom),60
Ontario Tech,DCD,Computer Science (BSc/BScM) (Co-op),86
Ontario Tech,DCD,Computer Science (BSc/BScM) (Co-op),88
Ontario Tech,DCD,Computer Science (BSc/BScM) (Co-op),99.33
Ontario Tech,DCE,Electrical Engineering (BEng/BEngM) (Co-Op),96
Ontario Tech,DCN,Mechanical Engineering (BEng/BEngM) (Co-op),81.33
Ontario Tech,DCN,Mechanical Engineering (BEng/BEngM) (Co-op),89
Ontario Tech,DCN,Mechanical Engineering (BEng/BEngM) (Co-op),90.5
Ontario Tech,DCN,Mechanical Engineering (BEng/BEngM) (Co-op),88
Ontario Tech,DCN,Mechanical Engineering (BEng/BEngM) (Co-op),87.33
Ontario Tech,DCO,Mechatronics Engineering (BEng/BEngM) (Co-op),95
Ontario Tech,DCO,Mechatronics Engineering (BEng/BEngM) (Co-op),84
Ontario Tech,DCO,Mechatronics Engineering (BEng/BEngM) (Co-op),92.2
Ontario Tech,DCO,Mechatronics Engineering (BEng/BEngM) (Co-op),96.17
Ontario Tech,DCT,Business - Technology Management (BCom) (Co-op),88.17
Ontario Tech,DCW,Software Engineering (BEng/BEngM) (Co-op),97.5
Ontario Tech,DCW,Software Engineering (BEng/BEngM) (Co-op),93.33
Ontario Tech,DEE,Electrical engineering,91
Ontario Tech,DEH,Mechatronics Engineering,97.2
Ontario Tech,DEN,Nuclear Engineering,93.78
Ontario Tech,DEO,Educational Studies - Early Childhood Studies (BA),89
Ontario Tech,DHL,Medical Laboratory Science (BHSc),88
Ontario Tech,DHN,Nursing (BScN),94
Ontario Tech,DHN,Nursing (BScN),97
Ontario Tech,DHN,Nursing (BScN),93
Ontario Tech,DHN,Nursing (BScN),90
Ontario Tech,DHN,Nursing (BScN),91.16
Ontario Tech,DNC,Nuclear Engineering,96
Ontario Tech,DSN,BSc Forensic Science,88.25
Ontario Tech,DSW,Bachelor of Science (Hons) - Chemistry - Pharmaceutical Chemistry (Non-Co-op),89
Polytechnique Montréal,,Génie Physique,92
Queen's,QA,Arts (Linguistics),96
Queen's,QA,Arts,97
Queen's,QA,Arts,96.33
Queen's,QA,Arts (Psychology),96
Queen's,QA,Arts,94.16
Queen's,QA,Arts (Economics),89
Queen's,QA,Arts (Economics),91.83
Queen's,QA,Arts (Psychology),94
Queen's,QA,Arts (Economics),87.33
Queen's,QA,Political Studies,89.67
Queen's,QA,General Arts and Science,85.33
Queen's,QA,Arts (Economics),84
Queen's,QB,Concurrent Education/Arts (Music),97.5
Queen's,QB,Concurrent Education/Arts,97
Queen's,QB,Concurrent Education/Arts,96.33
Queen's,QB,Concurrent Education/Arts,96.5
Queen's,QB,Concurrent Education/Arts,92.33
Queen's,QB,Concurrent Education/Arts,96.67
Queen's,QC,Smith Commerce,91
Queen's,QC,Smith Commerce,95
Queen's,QC,Smith Commerce,96.5
Queen's,QC,Smith Commerce,95.67
Queen's,QC,Smith Commerce,94.3
Queen's,QC,Smith Commerce,92.5
Queen's,QC,Smith Commerce,93.2
Queen's,QC,Smith Commerce,97.5
Queen's,QC,Smith Commerce,96.8
Queen's,QC,Smith Commerce,93.5
Queen's,QC,Smith Commerce,87.5
Queen's,QD,Computing,97.75
Queen's,QD,Computing,97
Queen's,QD,Computing,97
Queen's,QD,Computing,95.6
Queen's,QD,Computing,94
Queen's,QD,Computing,93.83
Queen's,QD,Computing,93.67
Queen's,QD,Computing,93.66
Queen's,QD,Computing,93
Queen's,QD,Computing,92.6
Queen's,QD,Computing,92.5
Queen's,QD,Computing,91.75
Queen's,QD,Computing,94.66
Queen's,QD,Computing,92
Queen's,QD,Computing,91.83
Queen's,QD,Computing,96
Queen's,QD,Computing,88.67
Queen's,QD,Computing,87
Queen's,QD,Computing,84.33
Queen's,QE,Smith Engineering - Common First Year (Civil Engineering),87.2
Queen's,QE,Smith Engineering - Common First Year (Mechanical and Materials Engineering),94
Queen's,QE,Smith Engineering - Common First Year,95.8
Queen's,QE,Smith Engineering - Common First Year (Chemical Engineering),98.8
Queen's,QE,Smith Engineering - Common First Year,98.25
Queen's,QE,Smith Engineering - Common First Year,97.8
Queen's,QE,Smith Engineering - Common First Year,97.8
Queen's,QE,Smith Engineering - Common First Year,97.6
Queen's,QE,Smith Engineering - Common First Year,97.2
Queen's,QE,Smith Engineering - Common First Year (Chemical Engineering),98
Queen's,QE,Smith Engineering - Common First Year,97.6
Queen's,QE,Smith Engineering - Common First Year,96
Queen's,QE,Smith Engineering - Common First Year,96.4
Queen's,QE,Smith Engineering - Common First Year,95
Queen's,QE,Smith Engineering - Common First Year,97.3
Queen's,QE,Smith Engineering - Common First Year (Civil Engineering),96.4
Queen's,QE,Smith Engineering - Common First Year,95.7
Queen's,QE,Smith Engineering - Common First Year,95.6
Queen's,QE,Smith Engineering - Common First Year (Mechanical and Materials Engineering),94.83
Queen's,QE,Smith Engineering - Common First Year,96
Queen's,QE,Smith Engineering - Common First Year,93.6
Queen's,QE,Smith Engineering - Common First Year,94.8
Queen's,QE,Smith Engineering - Common First Year,90.67
Queen's,QE,Smith Engineering - Common First Year,94.8
Queen's,QE,Smith Engineering - Common First Year,95
Queen's,QEC,Smith Engineering - Direct Entry Computer Engineering,91.4
Queen's,QEC,Smith Engineering - Direct Entry Computer Engineering,99.5
Queen's,QEC,Smith Engineering - Direct Entry Computer Engineering,97.5
Queen's,QEC,Smith Engineering - Direct Entry Computer Engineering,89
Queen's,QEC,Smith Engineering - Direct Entry Computer Engineering,97.75
Queen's,QEC,Smith Engineering - Direct Entry Computer Engineering,96.33
Queen's,QEC,Smith Engineering - Direct Entry Computer Engineering,96
Queen's,QEC,Smith Engineering - Direct Entry Computer Engineering,92.5
Queen's,QEM,Smith Engineering - Direct Entry Mechatronics and Robotics Engineering,99.5
Queen's,QEM,Smith Engineering - Direct Entry Mechatronics and Robotics Engineering,97.5
Queen's,QEM,Smith Engineering - Direct Entry Mechatronics and Robotics Engineering,97
Queen's,QEM,Smith Engineering - Direct Entry Mechatronics and Robotics Engineering,95.8
Queen's,QF,Concurrent Education/Science,98.5
Queen's,QF,Concurrent Education/Science,99
Queen's,QF,Concurrent Education/Science,94
Queen's,QF,Concurrent Education/Science,92.2
Queen's,QF,Concurrent Education/Science,91.83
Queen's,QH,Health Sciences,99
Queen's,QH,Health Sciences,99
Queen's,QH,Health Sciences,97.5
Queen's,QH,Health Sciences,96.3
Queen's,QH,Health Sciences,99.33
Queen's,QH,Health Sciences,97.67
Queen's,QH,Health Sciences,97.17
Queen's,QK,Kinesiology,94
Queen's,QL,Life Sciences and Biochemistry,95
Queen's,QL,Life Sciences and Biochemistry,99.67
Queen's,QL,Life Sciences and Biochemistry,97
Queen's,QL,Life Sciences and Biochemistry,96.3
Queen's,QL,Life Sciences and Biochemistry,96
Queen's,QL,Life Sciences and Biochemistry,96
Queen's,QL,Life Sciences and Biochemistry,95
Queen's,QL,Life Sciences and Biochemistry,96
Queen's,QL,Life Sciences and Biochemistry,94
Queen's,QL,Life Sciences and Biochemistry,93.2
Queen's,QL,Life Sciences and Biochemistry,91.83
Queen's,QL,Life Sciences and Biochemistry,92.67
Queen's,QL,Life Sciences and Biochemistry,90.67
Queen's,QL,Life Sciences and Biochemistry,94.5
Queen's,QN,Nursing,94.8
Queen's,QN,Nursing,92.6
Queen's,QN,Nursing,90.5
Queen's,QN,Nursing,94.8
Queen's,QN,Nursing,93.16
Queen's,QN,Nursing,93
Queen's,QS,Science (Astrophysics),94
Queen's,QS,Science (Biotechnology),93.67
Queen's,QS,Statistics,93
Queen's,QS,Life science and Biochemistry,91
Queen's,QS,Science,96.4
Queen's,QS,Bachelor of Science (Honours) in Biochemistry,92.75
Queen's,QS,Science,83
TMU,SAA,Aerospace Engineering,93
TMU,SAA,Aerospace Engineering,92
TMU,SAA,Aerospace Engineering (Co-op Available),92.16
TMU,SAB,Computer Science (Co-op available),97.5
TMU,SAB,Computer Science,90.33
TMU,SAB,Computer Science (Co-op available),91
TMU,SAB,Computer Science (Co-op available),89.16
TMU,SAB,Computer Science (Co-op available),97.16
TMU,SAB,Computer Science (Co-op available),86.66
TMU,SAB,Computer Science (Honours),86
TMU,SAB,Computer Science (Co-op available),88
TMU,SAC,Geographic Analysis Co-op,96
TMU,SAD,Architectural Science,92.5
TMU,SAD,Architectural Science (Co-op available),98.17
TMU,SAD,Architectural Science,96.4
TMU,SAH,History,81.67
TMU,SBB,Business Technology Management,88
TMU,SBB,Business Technology Management,82
TMU,SBI,Biomedical Engineering (Co-op available),92.5
TMU,SBI,Biomedical Engineering (Co-op available),88.7
TMU,SBO,Accounting and Finance,93.2
TMU,SBO,Accounting and Finance (regular),93
TMU,SBO,Accounting and Finance,89
TMU,SBO,Accounting and Finance (regular),86
TMU,SBO,Accounting and Finance (regular),93.16
TMU,SBS,Biomedical Sciences (Co-op available),99
TMU,SBS,Biomedical Sciences (Co-op available),97.5
TMU,SBS,Biomedical Sciences (Co-op available),90.5
TMU,SBS,Biomedical Sciences (Co-op available),94
TMU,SBS,Biomedical Sciences (Co-op available),90
TMU,SBS,Biomedical Sciences,90.25
TMU,SBS,Biomedical Sciences (Co-op available),89
TMU,SBS,Biomedical Sciences (Co-op Available),89.2
TMU,SBS,Biomedical Sciences (Co-op available),91
TMU,SBX,Biology (Honours),84
TMU,SBX,Biology (Honours),89
TMU,SBX,Biology (Honours) (Co-op Available),86
TMU,SCD,Creative Industries,70
TMU,SCE,Computer Engineering (Co-op available),97.5
TMU,SCE,Computer Engineering (Co-op available),96
TMU,SCE,Computer Engineering (Co-op available),96.2
TMU,SCE,Computer Engineering (Co-op available),94
TMU,SCE,Computer Engineering (Co-op available),92
TMU,SCE,Computer Engineering (Co-op available),85
TMU,SCF,Chemical Engineering (Co-operative),96
TMU,SCF,Chemical Engineering (Co-op),87.5
TMU,SCG,Civil Engineering,90.25
TMU,SCG,Civil Engineering (Co-op available),92.4
TMU,SCG,Civil Engineering,87.5
TMU,SCH,Chemistry Non-Co-op,87.6
TMU,SCH,Chemistry (Co-op available),89
TMU,SCY,Child and Youth Care,93
TMU,SCY,Child and Youth Care,95.33
TMU,SDM,Performance Production,89.5
TMU,SDM,Performance Production,70
TMU,SEH,Early Childhood Studies,95.33
TMU,SEH,Early Childhood Studies,80
TMU,SEJ,Electrical Engineering (Co-op available),96
TMU,SEJ,Electrical Engineering (Co-op available),93.83
TMU,SEJ,Electrical Engineering (Co-op available),91.5
TMU,SEU,Undeclared Engineering,95.6
TMU,SEU,Undeclared Engineering,93.75
TMU,SEU,Undeclared Engineering,92.5
TMU,SIE,Economics and Finance (Co-op available),91
TMU,SIE,Economics and Finance (Co-op available),89
TMU,SMM,Professional Communication,87
TMU,SMM,Professional Communication,95
TMU,SMM,Professional Communication,75
TMU,SMM,Professional Communication,87
TMU,SMP,Medical Physics (Co-op available),89
TMU,SMW,Mechanical Engineering (Co-op available),96
TMU,SMW,Mechanical Engineering (Co-op available),95
TMU,SMW,Mechanical Engineering,90.5
TMU,SNG,Nursing at George Brown College,94
TMU,SNG,Nursing at George Brown College,93
TMU,SNG,Nursing at George Brown College,97
TMU,SNG,Nursing at George Brown College,89.5
TMU,SNG,Nursing at George Brown College,84.5
TMU,SNN,Nursing at Centennial College,89
TMU,SNN,Nursing at Centennial College,91.17
TMU,SNX,Nursing at TMU,96
TMU,SNX,Nursing at TMU,90.86
TMU,SNX,Nursing at TMU,96
TMU,SNX,Nursing at TMU,88
TMU,SNX,Nursing at TMU,95.2
TMU,SNX,Nursing at TMU,93.33
TMU,SNX,Nursing at TMU,90
TMU,SNX,Nursing at TMU,91
TMU,SPA,Image Arts - Film,95.17
TMU,SPB,New Media,91
TMU,SPG,Politics and Governance (Co-op available),90
TMU,SPG,Politics and Governance (Co-op available),90.5
TMU,SPG,Politics and Governance,81.67
TMU,SPS,Psychology (Co-op Available),94
TMU,SPS,Psychology (Co-op Available),93
TMU,SPS,Psychology (Honours),87
TMU,SPS,Psychology (Honours),84.8
TMU,SQA,Accounting & Finance (Co-op),94
TMU,SQA,Accounting & Finance (Co-op),92
TMU,SQA,Accounting & Finance (Co-op),89.1
TMU,SQA,Accounting & Finance (Co-op),91
TMU,SQA,Accounting & Finance (Co-op),92.83
TMU,SQB,Business Management (Co-op),97
TMU,SQB,Business Management (Co-op),98.1
TMU,SQB,Business Management (Co-op),92
TMU,SQC,Business Technology Management (Co-op),94.5
TMU,SQC,Business Technology Management (Co-op),89.33
TMU,SRD,Media Production,88.5
TMU,SRD,Media Production,70
TMU,SRT,Media Production,91
TMU,SSE,Social work,80
TMU,SSO,Sociology,95.33
TMU,STR,Mechatronics Engineering (Co-op available),93
TMU,STR,Mechatronics Engineering (Co-op available),96
TMU,SUN,Undeclared Arts,84
TMU,SUP,Urban and Regional Planning,97.8
TMU,SUP,Urban and Regional Planning,89.5
TMU,SUP,Urban and Regional Planning,90
TMU,SUP,Urban and Regional Planning,91
TMU,SUP,Urban and Regional Planning,94.33
TMU,SUP,Urban and Regional Planning,94.5
TMU,,Commerce (BCom: Finance),90
Trent,RAP,Criminology,62.16
Trent,RBS,Biomedical Science (Honours Science),95
Trent,RBS,Biomedical Science (Honours Science),81
Trent,RBS,Biomedical Science (Honours Science),91
Trent,RCE,Chemical Engineering (Dual Degree),82
Trent,RCN,Bachelor of Science in Nursing,94
Trent,RCN,Bachelor of Science in Nursing,90.67
Trent,RCN,Nursing,90
Trent,RCN,Bachelor of Science in Nursing,93.2
Trent,RDL,Business Administration (BBA),84
Trent,RIO,Durham Campus - Artificial Intelligence (Honours Arts) - Co-op,88.33
Trent,RKA,Medical Professional Stream,94.8
Trent,RMD,Bachelor of Arts and Science - Medical: Trent/Swansea Dual Degree,96
Trent,RMD,Bachelor of Arts and Science - Medical: Trent/Swansea Dual Degree,94.8
Trent,ROQ,Teacher Education Stream - Arts (Honours) (Child & Youth Studies),93
Trent,RPS,Bsc Psychology,79
Trent,RPU,Political Studies (Honours Arts) - Co-op,90.5
Trent,RSU,Forensics & Honours Science,90.67
Trent,RSU,Forensics & Honours Science,88.25
Trent,RSU,Forensics & Honours Science,75
Trent,RTA,Teacher Education Stream - Arts (Honours) (Women's Studies),91
Trent,RTS,Honours Science - Teacher Ed Stream,95
Trent,RTS,Teacher Education Stream - Science (Honours) - Mathematics,95.83
Trent,RUF,Forensic Biology,86
Trent,RUF,Forensic Biology,88.25
Trent,RZN,Computer Science & Forensics,80
Trent,,Trent/Swansea Dual Degree B.A Criminology/ LL.B. Law,96
Trent,,Teacher Education Stream - Arts (Honours) (Psychology),93
UofT - SG,TAC,Rotman Commerce,96.8
UofT - SG,TAC,Rotman Commerce,96
UofT - SG,TAC,Rotman Commerce,96
UofT - SG,TAC,Rotman Commerce,95.83
UofT - SG,TAC,Rotman Commerce,92.75
UofT - SG,TAC,Rotman Commerce,99.3
UofT - SG,TAC,Rotman Commerce,98.1
UofT - SG,TAC,Rotman Commerce,97.83
UofT - SG,TAC,Rotman Commerce,96.8
UofT - SG,TAC,Rotman Commerce,95.2
UofT - SG,TAC,Rotman Commerce,94
UofT - SG,TAC,Rotman Commerce,92.33
UofT - SG,TAC,Rotman Commerce,91
UofT - SG,TAC,Rotman Commerce,90
UofT - SG,TAC,Rotman Commerce,95
UofT - SG,TAC,Rotman Commerce,93.5
UofT - SG,TAC,Rotman Commerce,92
UofT - SG,TAC,Rotman Commerce,98
UofT - SG,TAC,Rotman Commerce,97
UofT - SG,TAC,Rotman Commerce,95
UofT - SG,TAC,Rotman Commerce,91.7
UofT - SG,TAD,Computer Science,98.86
UofT - SG,TAD,Computer Science,98.11
UofT - SG,TAD,Computer Science,97.6
UofT - SG,TAD,Computer Science,97.5
UofT - SG,TAD,Computer Science,96.33
UofT - SG,TAD,Computer Science,96.12
UofT - SG,TAD,Computer Science,94.83
UofT - SG,TAD,Computer Science,96.5
UofT - SG,TAD,Computer Science,94.3
UofT - SG,TAD,Computer Science,98.17
UofT - SG,TAD,Computer Science,98
UofT - SG,TAD,Computer Science,97
UofT - SG,TAD,Computer Science,96.83
UofT - SG,TAD,Computer Science,96
UofT - SG,TAD,Computer Science,95.83
UofT - SG,TAD,Computer Science,95.67
UofT - SG,TAD,Computer Science,95.33
UofT - SG,TAD,Computer Science,99.5
UofT - SG,TAD,Computer Science,99.2
UofT - SG,TAH,Humanities,97
UofT - SG,TAH,Humanities,93
UofT - SG,TAH,Humanities,86.7
UofT - SG,TAH,Humanities,90.5
UofT - SG,TAX,Social Sciences,94.5
UofT - SG,TAX,Social Sciences,97
UofT - SG,TAX,Social Sciences,96
UofT - SG,TAX,Social Sciences,94
UofT - SG,TAX,Social Sciences: Criminology,86
UofT - SG,TAX,Social Sciences,92.33
UofT - SG,TAX,Social Sciences,92
UofT - SG,TAX,Social Sciences,91
UofT - SG,TAX,Social Sciences,96.5
UofT - SG,TB,Chemical Engineering,94.5
UofT - SG,TB,Chemical Engineering,95
UofT - SG,TCS,Computer Engineering (including PEY Co-op option),98.6
UofT - SG,TCS,Computer Engineering (Including PEY Co-op option),96.5
UofT - SG,TCS,Computer Engineering (Including PEY Co-op option),96.33
UofT - SG,TCS,Computer Engineering (including PEY Co-op option),94.4
UofT - SG,TCS,Computer Engineering (including PEY Co-op option),97.6
UofT - SG,TCS,Computer Engineering (Including PEY Co-op option),96
UofT - SG,TCS,Computer Engineering (including PEY Co-op option),95
UofT - SG,TCS,Computer Engineering (including PEY Co-op option),94.67
UofT - SG,TCS,Computer Engineering (including PEY Co-op option),94.4
UofT - SG,TCS,Computer Engineering (including PEY Co-op option),94.4
UofT - SG,TE,Electrical Engineering (Including PEY Co-op option),97
UofT - SG,TEO,"TrackOne, Undeclared Engineering (including PEY Co-op option)",98.67
UofT - SG,TEO,"TrackOne, Undeclared Engineering (including PEY Co-op option)",94.6
UofT - SG,TEO,"TrackOne, Undeclared Engineering (including PEY Co-op option)",95
UofT - SG,TG,Mineral Engineering (including PEY Co-op option),90.8
UofT - SG,TI,Industrial Engineering (including PEY Co-op option),93.6
UofT - SG,TK,Engineering Science (Including PEY Co-op Option),98.8
UofT - SG,TK,Engineering Science (Including PEY Co-op Option),97.83
UofT - SG,TK,Engineering Science (Including PEY Co-op Option),96
UofT - SG,TK,Engineering Science (Including PEY Co-op Option),97.8
UofT - SG,TK,Engineering Science (Including PEY Co-op Option),97.67
UofT - SG,TK,Engineering Science (Including PEY Co-op Option),97.33
UofT - SG,TK,Engineering Science (Including PEY Co-op Option),96.8
UofT - SG,TK,Engineering Science (Including PEY Co-op Option),96
UofT - SG,TK,Engineering Science (Including PEY Co-op Option),95.83
UofT - SG,TK,Engineering Science (Including PEY Co-op Option),98
UofT - SG,TK,Engineering Science (Including PEY Co-op Option),92.4
UofT - SG,TK,Engineering Science (Including PEY Co-op Option),98
UofT - SG,TK,Engineering Science (Including PEY Co-op Option),95.33
UofT - SG,TK,Engineering Science (including PEY Co-op Option),94.17
UofT - SG,TK,Engineering Science (Including PEY Co-op Option),96
UofT - SG,TLA,Architectural Studies (BA),94
UofT - SG,TLA,Architectural Studies (BA),91.2
UofT - SG,TLG,Life Sciences,96
UofT - SG,TLG,Life Sciences,92
UofT - SG,TLG,Life Sciences,96.44
UofT - SG,TLG,Life Sciences,95
UofT - SG,TLG,Life Sciences,93.8
UofT - SG,TLG,Life Sciences (including Psychology),93.67
UofT - SG,TLG,Life Sciences,92
UofT - SG,TLG,Life Sciences,91.83
UofT - SG,TLG,Life Sciences,91
UofT - SG,TLG,Life Sciences,90.5
UofT - SG,TLG,Life Sciences,89.83
UofT - SG,TLG,Life Sciences,92
UofT - SG,TLG,Life Sciences,90.25
UofT - SG,TLG,Life Sciences,94
UofT - SG,TLG,Life Sciences,95.3
UofT - SG,TM,Mechanical Engineering (including PEY Co-op option),98
UofT - SG,TM,Mechanical Engineering (including PEY Co-op option),96
UofT - SG,TM,materials eng,95
UofT - SG,TM,Mechanical Engineering (including PEY Co-op option),94.83
UofT - SG,TPG,Physical & Mathematical Sciences,98.83
UofT - SG,TPG,Physical & Mathematical Sciences,97.67
UofT - SG,TPG,Physical & Mathematical Sciences,95.6
UofT - SG,TPG,Physical & Mathematical Sciences,95.5
UofT - SG,TPG,Physical & Mathematical Sciences,93.75
UofT - SG,TPG,Physical & Mathematical Sciences,93.5
UofT - SG,TPG,Physical & Mathematical Sciences,93
UofT - SG,TPG,Physical & Mathematical Sciences,91.7
UofT - SG,TPG,Physical & Mathematical Sciences,89.17
UofT - SG,TPG,Physical & Mathematical Sciences,87.16
UofT - SG,TPK,Kinesiology & Physical Education (BKin),96.8
UofT - SG,TPK,Kinesiology & Physical Education (BKin),91.8
UofT - SG,TPK,Kinesiology & Physical Education (BKin),86
UofT - SG,TPK,Kinesiology & Physical Education (BKin),84
UofT - SG,TTM,Materials Engineering (including PEY Co-op option),93
UofT - SG,TTM,Materials Engineering (including PEY Co-op option),92.83
UofT - SG,TTM,Materials Engineering (including PEY Co-op option),92.2
UofT - SG,TV,Civil Engineering (including PEY Co-op option),97
UofT - SG,TV,Civil Engineering (including PEY Co-op option),93.6
UofT - SG,TV,Civil Engineering (including PEY Co-op option),92.8
UofT - SG,TXD,Life Sciences (Health Stream),87
UofT - SG,TXQ,Co-oop BBA Management + BSc Statistics - Quantitative Finance,96
UofT - SG,TXQ,Co-oop BBA Management + BSc Statistics - Quantitative Finance,95
UOttawa,OBA,BASc Civil Engineering and BSc Computing Technology,96
UOttawa,OBA,BASc Civil Engineering and BSc Computing Technology,90
UOttawa,OBA,BASc Civil Engineering and BSc Computing Technology,94
UOttawa,OBC,BASc Mechanical Engineering and BASc Computing Technology,96.33333
UOttawa,OBC,BASc Mechanical Engineering and BASc Computing Technology,95
UOttawa,OBC,BASc Mechanical Engineering and BASc Computing Technology,94.2
UOttawa,OBC,BASc Mechanical Engineering and BASc Computing Technology,83
UOttawa,OBE,Computer Engineering,98
UOttawa,OBE,Computer Engineering CO-OP,92
UOttawa,OBE,Computer Engineering CO-OP,92
UOttawa,OBE,Computer Engineering CO-OP,92.17
UOttawa,OBE,Computer Engineering,90
UOttawa,OBE,Computer Engineering,90
UOttawa,OBE,Computer Engineering,91.83
UOttawa,OCJ,Honours Bachelor of Commerce (Business Technology Management) and Masters of Science in Management,94.5
UOttawa,OCT,Honours BComm + MSc in Mgmt & French Immersion,95
UOttawa,OEE,BASc Chemical Engineering,80
UOttawa,OEE,BASc Chemical Engineering,96
UOttawa,OEE,BASc Chemical Engineering,95.5
UOttawa,OEE,BASc Chemical Engineering,89.33
UOttawa,OEY,BASc Biomedical Mechanical Engineering and BSc Computing Technology,96.33333
UOttawa,OEY,BASc Biomedical Mechanical Engineering and BSc Computing Technology,93.67
UOttawa,OHE,Civil Engineering,95.6
UOttawa,OHE,Civil Engineering Co-op,90
UOttawa,OHE,Civil Engineering,90
UOttawa,OIC,BASc Electrical Engineering and BSc Computing Technology,93
UOttawa,OIC,BASc Electrical Engineering and BSc Computing Technology,96.8
UOttawa,OIE,BASc Electrical Engineering,84
UOttawa,OIE,BASc Electrical Engineering,91.67
UOttawa,OIE,Bachelor of Science Electrical Engineering Co-Op,85
UOttawa,OJA,BASc Software Engineering (coop),95.3
UOttawa,OJA,BASc Software Engineering,95.6
UOttawa,OJA,BASc Software Engineering,97.5
UOttawa,OJA,BASc Software Engineering,91.83
UOttawa,OJB,B.Sc.A. Génie logiciel,95
UOttawa,OJE,Mechanical Engineering,97.8
UOttawa,OJE,Mechanical Engineering (Co-op),92
UOttawa,OJE,Mechanical Engineering (Co-op),96
UOttawa,OJE,Mechanical Engineering,90
UOttawa,OJE,Mechanical Engineering (Co-op),89
UOttawa,OJE,Mechanical Engineering (Co-op),86
UOttawa,OJE,Mechanical Engineering (Co-op),86
UOttawa,OJM,Honours Bachelor of Commerce and Juris Doctor,94
UOttawa,OKA,Honours Bachelor of Human Kinetics,73
UOttawa,OKA,Honours Bachelor of Human Kinetics,76.3
UOttawa,OKC,Honours Bachelor of Health Sciences,86
UOttawa,OKC,Honours Bachelor of Health Sciences,97
UOttawa,OKC,Honours Bachelor of Health Sciences,95
UOttawa,OKC,Honours Bachelor of Health Sciences,94.4
UOttawa,OKC,Honours Bachelor of Health Sciences,96
UOttawa,OKC,Honours Bachelor of Health Sciences,96
UOttawa,OKC,Honours Bachelor of Health Sciences,95
UOttawa,OKC,Honours Bachelor of Health Sciences,90.5
UOttawa,OKC,Honours Bachelor of Health Sciences,87.3
UOttawa,OKC,Honours Bachelor of Health Sciences (With French Immersion),94
UOttawa,OKC,Honours Bachelor of Health Sciences,90.65
UOttawa,ONA,Honours Bachelor of Science in Nursing - Algonquin Ottawa Campus,92.88
UOttawa,ONA,Honours Bachelor of Science in Nursing - Algonquin Ottawa Campus,90.67
UOttawa,ONE,Honours Bachelor of Science in Nursing - Main Campus,93.17
UOttawa,ONE,Honours Bachelor of Science in Nursing - Main Campus,94.8
UOttawa,ORA,Bachelor of Science Joint Honours in Computer Science and in Mathematics COOP Program,97
UOttawa,ORC,Honours BSc Computer Science Co-op,95.4
UOttawa,ORC,Honours BSc Computer Science,98
UOttawa,ORC,Honours BSc Computer Science,98.83
UOttawa,ORC,Honours BSc Computer Science,97.6
UOttawa,ORC,Honours BSc Computer Science Co-op,97
UOttawa,ORC,Honours BSc Computer Science,96.83
UOttawa,ORC,Honours BSc Computer Science,91
UOttawa,ORC,Honours BSc Computer Science Co-op,94.8
UOttawa,ORC,Honours BSc Computer Science,93.66
UOttawa,ORC,Honours BSc Computer Science Co-op,93.5
UOttawa,ORC,Honours BSc Computer Science Co-op,92.6
UOttawa,ORC,Honours BSc Computer Science,93.4
UOttawa,ORC,Honours BSc Computer Science,88.67
UOttawa,ORC,Honours BSc Computer Science Co-op,90.02
UOttawa,ORC,Honours BSc Computer Science,90.5
UOttawa,ORC,Honours BSc Computer Science Co-op,90
UOttawa,ORC,Honours BSc Computer Science,83.83
UOttawa,ORC,Honours BSc Computer Science,84.98
UOttawa,OTC,Honours Bachelor of Commerce (Option in Accounting),95.67
UOttawa,OTC,Honours Bachelor of Commerce (Option in Accounting),93.4
UOttawa,OTC,Honours Bachelor of Commerce in Accounting,91
UOttawa,OTC,Honours Bachelor of Commerce in Accounting Co-op,91
UOttawa,OTC,Honours Bachelor of Commerce in Accounting Co-op,86.56
UOttawa,OTC,Honours Bachelor of Commerce (Option in Accounting),84.2
UOttawa,OTC,Honours Bachelor of Commerce in Accounting,85
UOttawa,OTO,Honours Bachelor of Commerce (Option in Finance) Co-op,92.5
UOttawa,OTO,Honours Bachelor of Commerce (Option in Finance),91.7
UOttawa,OTO,Honours Bachelor of Commerce (Option in Finance),85
UOttawa,OTS,Honours Bachelor of Commerce (International Management) (Co- op),95.55
UOttawa,OUM,Honours Bachelor of Science in Biopharmaceutical Chemistry COOP,90.67
UOttawa,OUN,Honours BSc Biomedical Science,93.5
UOttawa,OUN,Honours BSc Biomedical Science,86
UOttawa,OUN,Honours BSc Biomedical Science,96
UOttawa,OUN,Honours BSc Biomedical Science,94
UOttawa,OUN,Honours BSc Biomedical Science,94
UOttawa,OUN,Honours BSc Biomedical Science,93.5
UOttawa,OUN,Honours BSc Biomedical Science,93
UOttawa,OUN,Honours BSc Biomedical Science,91
UOttawa,OUN,Honours BSc Biomedical Science,89
UOttawa,OUN,Honours BSc Biomedical Science,95
UOttawa,OUN,Honours BSc Biomedical Science,94
UOttawa,OUN,Honours BSc Biomedical Science,85
UOttawa,OUN,Honours BSc Biomedical Science (French Immersion stream),92.8
UOttawa,OUN,Honours BSc Biomedical Science,85
UOttawa,OUN,Honours BSc Biomedical Science,89.5
UOttawa,OUN,Honours BSc Biomedical Science,85
UOttawa,OUQ,Honours BSc Biochemistry,91.2
UOttawa,OUQ,Honours Bachelors of Biochemistry Co-op,90.67
UOttawa,OUQ,Honours Bachelors of Biochemistry Co-op,91.3
UOttawa,OUQ,Honours Bachelors of Biochemistry Co-op,89
UOttawa,OUQ,Honours Bachelors of Biochemistry Co-op,85
UOttawa,OUR,Honours BSc Biology CO-OP,93.5
UOttawa,OUR,Honours BSc Biology CO-OP,93.5
UOttawa,OUR,Honours BSc Biology CO-OP,89
UOttawa,OUS,Honours BSc Chemistry,87.6
UOttawa,OUT,Honours BSc Financial Mathematics and Economics Co-op,91
UOttawa,OUW,Honours BSc mathematics CO-OP,92
UOttawa,OUW,Honours BSc mathematics CO-OP,86
UOttawa,OUY,Honours BSc Physics-Mathematics,94
UOttawa,OUZ,Honours BSc Statistics,91
UOttawa,OVA,Honours BA in English (Co-op),99
UOttawa,OVY,Joint Honours BA in Communication and Political Science,90.5
UOttawa,OWI,Honours BSc Mathematics and Honours BSc Computer Science (Data Science),97
UOttawa,OWI,Honours BSc Mathematics and Honours BSc Computer Science (Data Science),96
UOttawa,OWI,Honours BSc Mathematics and Honours BSc Computer Science (Data Science),87
UOttawa,OWM,Business Technology Management,93
UOttawa,OXC,Honours bachelor of social sciences in conflict studies and human rights (co op),92
UOttawa,OXC,Honours Bachelor of Social Sciences in Conflict Studies and Human Rights,79
UOttawa,OXD,Honours BSocSc Criminology (french immersion stream),92
UOttawa,OXD,Criminology,78
UOttawa,OXL,Honours BSocSc Political Science (Co-op),92.5
UOttawa,OXL,Honours BSocSc Political Science (Co-op),92.5
UOttawa,OXL,Honours BSocSc Political Science (Co-op),87
UOttawa,OXL,Honours BSocSc Political Science (Co-op),88
UOttawa,OXL,Honours BSocSc Political Science (Co-op),89.67
UOttawa,OXM,Honours BA Psychology,90
UOttawa,OXM,Honours BA Psychology,94
UOttawa,OXM,Honours BA Psychology,75
UOttawa,OXM,Honours BA Psychology,90
UOttawa,OXN,Honours BSc Psychology,91
UOttawa,OXN,Honours BSc Psychology,88
UOttawa,OXN,Honours BSc Psychology,87.6
UOttawa,OXV,Joint Honours BSocSc in Economics and Political Science,84
UOttawa,OXV,Joint Honours BSocSc in Economics and Political Science,84
UOttawa,OXV,Joint Honours BSocSc in Economics and Political Science (coop),94.67
UOttawa,OXW,Bachelor of Social Sciences Joint Honours in History and in Political Science COOP Program French Immersion Stream,96
UOttawa,OXW,Joint Honours BA in History and Political Science,81.67
UOttawa,OXX,Joint Honours BSc in Mathematics and Economics,98
UOttawa,OXZ,Joint Honours BSocSc in Public Administration and Political Science Co-op French Immersion,90
UOttawa,OXZ,Joint Honours BSocSc in Public Administration and Political Science Co-op French Immersion,98
UOttawa,OXZ,Joint Honours BSocSc in Public Administration and Political Science Co-op,92.5
UOttawa,OXZ,Joint Honours BSocSc in Public Administration and Political Science Co-op,90
UOttawa,OXZ,Joint Honours BSocSc in Public Administration and Political Science,81.67
UOttawa,OXZ,Joint Honours BSocSc in Public Administration and Political Science (Co-op),92
UOttawa,OXZ,Joint Honours BSocSc in Public Administration and Political Science Co-op,81
UTM,TMC,"Communication, Culture, Information & Technology",94.66
UTM,TME,Commerce,95
UTM,TME,"Commerce (including Accounting, Finance, Marketing)",90
UTM,TME,"Commerce (including Accounting, Finance, Marketing)",88.33
UTM,TME,Commerce,91.83
UTM,TME,Commerce,86.25
UTM,TME,"Commerce (including Accounting, Finance, Marketing)",86
UTM,TMG,Management,90
UTM,TMH,Humanities,97
UTM,TMH,English,73
UTM,TMK,Forensic Science,92.66
UTM,TMK,Forensic Science,92.33
UTM,TMK,Forensic Science,92.3
UTM,TMK,Forensic Science,88.25
UTM,TML,Life Sciences,99.2
UTM,TML,Life Sciences,94.67
UTM,TML,Life Sciences,92.67
UTM,TML,Life Sciences,92.6
UTM,TML,Life Sciences,90.25
UTM,TML,Life Sciences,97
UTM,TML,Life Sciences,95.33
UTM,TML,Life Sciences,89
UTM,TML,Life Sciences - Biotechnology,83
UTM,TML,Molecular Biology/Life Sciences,80
UTM,TMP,Psychology BSc,91
UTM,TMS,"Social Science (Criminology, Law & Society)",86
UTM,TMS,"Social Science (Criminology, Law & Society)",86
UTM,TMW,Chemical & Physical Sciences,82
UTM,TMZ,Commerce,95.8
UTM,TMZ,"Computer Science, Mathematics & Statistics",96.83
UTM,TMZ,"Computer Science, Mathematics & Statistics",95.4
UTM,TMZ,"Computer Science, Mathematics & Statistics",95.3
UTM,TMZ,"Computer Science, Mathematics & Statistics",94.6
UTM,TMZ,"Computer Science, Mathematics & Statistics",91.75
UTM,TMZ,"Computer Science, Mathematics & Statistics",98.33
UTM,TMZ,"Computer Science, Mathematics & Statistics",97.67
UTM,TMZ,"Computer Science, Mathematics & Statistics",93
UTM,TMZ,"Computer Science, Mathematics & Statistics",92.16
UTM,TMZ,"Computer Science, Mathematics & Statistics",93
UTSc,TPS,Psychology & Health Studies + Co-op,94.25
UTSc,TQX,Co-op BBA (Management & Finance) and Co-op BSc (Statistics - Quantitative Finance),91.33
UTSc,TSL,Life Sciences (co-op),92.67
UTSc,TSL,Life Sciences,90.25
UTSc,TSL,Life Sciences (co-op and regular),90.67
UTSc,TSL,Life Sciences,79
UTSc,TSM,Management (BBA) (co-op and regular) (Strategic Management (co-op optional)),95
UTSc,TSM,Management (BBA) (co-op and regular),94
UTSc,TSM,Managment with coop,93.66
UTSc,TSM,Managment with coop,90.3
UTSc,TSM,Managment with coop,90.33
UTSc,TSP,Physical & Environmental Sciences,90.15
UTSc,TSP,Physical & Environmental Sciences (Biochemistry(co-op optional)),90.16
UTSc,TUD,Social Sciences and Humanities (co-op and regular),81.83
UTSc,TXB,Management and International Business (BBA) (co-op),95.5
UTSc,TXC,Computer Science,94.8
UTSc,TXC,Computer Science (co-op and regular),97.8
UTSc,TXC,Computer Science (Co-op),96.67
UTSc,TXC,Computer Science (Co-op),95.66
UTSc,TXC,Computer Science (Co-op),94.8
UTSc,TXC,Computer Science (co-op and regular),93.5
UTSc,TXC,Computer Science,95.33
UTSc,TXC,Computer Science (Co-op),97.16
UTSc,TXC,Computer Science (Co-op),97
UTSc,TXC,Computer Science (co-op and regular),96.8
UTSc,TXC,Computer Science (Co-op),96
UTSc,TXC,Computer Science (Co-op),95.67
UTSc,TXC,Computer Science (co-op and regular),95
UTSc,TXC,Computer Science,94.67
UTSc,TXC,Computer Science (Co-op),93
UTSc,TXC,Computer Science (Co-op),93
UTSc,TXD,Life Sciences (Health Sciences Stream),95.5
UTSc,TXD,Life Sciences (Health Sciences Stream),93.4
UTSc,TXD,Life Sciences (Health Sciences Stream) (co-op and regular),92.67
UTSc,TXD,Life Sciences (Health Science Stream) (Co-op),92.6
UTSc,TXD,Life Sciences (Health Sciences Stream),90.67
UTSc,TXD,Life Sciences (Health Science Stream) (Co-op),86.7
UTSc,TXQ,Double Degree: Management & Finance (BBA) and Statistics – Quantitative Finance (BSc) Co-op,95
UTSc,TXQ,Double Degree: Management & Finance (BBA) and Statistics – Quantitative Finance (BSc) Co-op,89.66
UTSc,TXU,Statistics - Co-Op,98.5
UTSc,TXU,Statistics - Co-Op,92
UVIC,,Engineering (co-op),93
Waterloo,WA,Honours Arts - English: Literature and Rhetoric,97
Waterloo,WA,Arts,94.33
Waterloo,WA,Honours Arts Main Campus (Co-op ),93
Waterloo,WA,Honours Arts (English Literature and Rhetoric),83
Waterloo,WA,Honours Arts University Main Campus (Co-op and Regular) Major of Interest-Psychology,90.5
Waterloo,WA,Honours Arts University Main Campus (Psychology co-op),91
Waterloo,WA,Honours Art Co-op,91
Waterloo,WAB,Honours Arts and Business Co-op,93
Waterloo,WAB,Honours Arts and Business Co-op,89
Waterloo,WAB,Honours Arts and Business Co-op,88.5
Waterloo,WAB,Honours Arts and Business,94
Waterloo,WBA,Business Administration (Laurier) and Mathematics (Waterloo) Double Degree (Co-op only),96.33
Waterloo,WBA,Business Administration (Laurier) and Mathematics (Waterloo) Double Degree (Co-op only),94
Waterloo,WBA,Business Administration (Laurier) and Mathematics (Waterloo) Double Degree (Co-op only),98
Waterloo,WBA,Business Administration (Laurier) and Mathematics (Waterloo) Double Degree (Co-op only),97
Waterloo,WBA,Business Administration (Laurier) and Mathematics (Waterloo) Double Degree (Co-op only),96.33
Waterloo,WBA,Business Administration (Laurier) and Mathematics (Waterloo) Double Degree (Co-op only),93
Waterloo,WBA,Business Administration (Laurier) and Mathematics (Waterloo) Double Degree (Co-op only),91.33
Waterloo,WBC,Business Administration (Laurier) and Computer Science (Waterloo) Double Degree (Co-op only),98.67
Waterloo,WBC,Business Administration (Laurier) and Computer Science (Waterloo) Double Degree (Co-op),96.33
Waterloo,WBC,Business Administration (Laurier) and Computer Science (Waterloo) Double Degree (Co-op only),97.83
Waterloo,WBC,Business Administration (Laurier) and Computer Science (Waterloo) Double Degree (Co-op only),96.67
Waterloo,WBC,Business Administration (Laurier) and Computer Science (Waterloo) Double Degree (Co-op only),96
Waterloo,WBM,Biomedical Engineering (Co-op only),98.17
Waterloo,WBM,Biomedical Engineering (Co-op only),98
Waterloo,WBM,Biomedical Engineering (Co-op only),96.5
Waterloo,WBM,Biomedical Engineering (Co-op only),95.33
Waterloo,WC,Chemical Engineering (Co-op only),97.83
Waterloo,WC,Chemical Engineering (Co-op only),97.67
Waterloo,WC,Chemical Engineering (Co-op only),93.33
Waterloo,WC,Chemical Engineering (Co-op only),92.33
Waterloo,WC,Chemical Engineering (Co-op only),92.3
Waterloo,WCF,Computing and Financial Management (Co-op only),98.33
Waterloo,WCF,Computing and Financial Management (Co-op only),96
Waterloo,WCF,Computing and Financial Management (Co-op only),98
Waterloo,WCS,Computer Science,100
Waterloo,WCS,Computer Science (Co-op and Regular),98.16
Waterloo,WCS,Computer Science,98.6
Waterloo,WCS,Computer Science (Co-op only),98
Waterloo,WCS,Computer Science,98
Waterloo,WCS,Computer Science (Co-op and Regular),99.5
Waterloo,WCS,Computer Science (Co-op and Regular),99.17
Waterloo,WCS,Computer Science (Co-op and Regular),98.83
Waterloo,WCS,Computer Science (Co-op and Regular),98.8
Waterloo,WCS,Computer Science (Co-op and Regular),98.33
Waterloo,WCS,Computer Science (Co-op),98.33
Waterloo,WCS,Computer Science (Co-op and Regular),97.5
Waterloo,WCS,Computer Science (Co-op),97.33
Waterloo,WCS,Computer Science (Co-op and Regular),97.33
Waterloo,WCS,Computer Science,96.83
Waterloo,WCS,Computer Science,96.8
Waterloo,WCS,Computer Science (Co-op),96.67
Waterloo,WCS,Computer Science,96.33
Waterloo,WCS,Computer Science (Co-op),96.33
Waterloo,WCS,Computer Science (Co-op and Regular),95.17
Waterloo,WCS,Computer Science (Co-op and Regular),95.16
Waterloo,WCS,Computer Science,98.5
Waterloo,WCS,Computer Science (Co-op),96.33
Waterloo,WD,Systems Design Engineering (Co-op only),99.3
Waterloo,WD,Systems Design Engineering (Co-op only),98.67
Waterloo,WD,Systems Design Engineering (Co-op only),96.33
Waterloo,WD,Systems Design Engineering (Co-op only),97.5
Waterloo,WD,Systems Design Engineering (Co-op only),96.67
Waterloo,WE,Civil Engineering (Co-op only),98
Waterloo,WE,Civil Engineering (Co-op only),95.83
Waterloo,WE,Civil Engineering (Co-op only),95.17
Waterloo,WE,Civil Engineering (Co-op only),92.7
Waterloo,WE,Civil Engineering (Co-op only),95.8
Waterloo,WE,Civil Engineering (Co-op only),93.6
Waterloo,WEA,Architectural Engineering (Co-op only),98.17
Waterloo,WEA,Architectural Engineering (Co-op only),97
Waterloo,WEA,Architectural Engineering (Co-op only),92
Waterloo,WEB,Environment And Business,81
Waterloo,WEE,Environmental Engineering Honours Co-op,92
Waterloo,WEM,Management Engineering (Co-op),97
Waterloo,WEM,Management Engineering,93.83
Waterloo,WEM,Management Engineering,93.83
Waterloo,WEM,Management Engineering,95
Waterloo,WEM,Management Engineering,94.6
Waterloo,WEM,Management Engineering,91
Waterloo,WER,"Honours Environment, Resources and Sustainability, Co-op",81
Waterloo,WEV,Geography and Aviation,92
Waterloo,WEV,Geography and Aviation,90
Waterloo,WEV,Geography and Aviation,91.67
Waterloo,WEV,Geography and Aviation (Regular only),90
Waterloo,WF,Health Sciences (Co-op),97.5
Waterloo,WF,Health Science,96.5
Waterloo,WF,Health Sciences (Co-op and Regular),93.83
Waterloo,WF,Health Science (Regular),93
Waterloo,WF,Health Sciences (Co-op),94.5
Waterloo,WF,Health Science,90.33
Waterloo,WF,Health Sciences (Co-op and Regular),94.5
Waterloo,WF,Health Sciences (Co-op),91.8
Waterloo,WF,Health Sciences (Co-op and Regular),91.8
Waterloo,WF,Health Sciences (Regular),89.5
Waterloo,WGB,"Honours Global Business and Digital Arts, Co-op",95
Waterloo,WGB,Honours Global Business and Digital Arts,93.83
Waterloo,WGB,"Honours Global Business and Digital Arts, Co-op",97
Waterloo,WGB,"Honours Global Business and Digital Arts, Co-op",96
Waterloo,WGB,"Honours Global Business and Digital Arts, Co-op",85.83
Waterloo,WK,"Honours Kinesiology, Co-op",85.17
Waterloo,WK,"Honours Kinesiology, Co-op",91.5
Waterloo,WK,Honours Kinesiology Regular,88.5
Waterloo,WLS,Life Sciences (Co-op and Regular) (Biomedical Sciences),96.4
Waterloo,WLS,Life Sciences Honours Regular,86
Waterloo,WLS,Life Sciences (Co-op and Regular) (Biomedical Sciences),97
Waterloo,WLS,Life Sciences (Co-op and Regular),95.25
Waterloo,WLS,Life Sciences (Co-op and Regular),95
Waterloo,WLS,Life Sciences,90.25
Waterloo,WLS,Life Science Co-op,89
Waterloo,WLS,Life Sciences (Co-Op and Regular),89
Waterloo,WLS,Life Sciences (Co-op and Regular),96
Waterloo,WLS,Life Sciences (Co-op and Regular) (Biomedical Sciences),95
Waterloo,WLS,Life Sciences Honours Regular,92
Waterloo,WLS,Life Sciences (Co-op and Regular),91
Waterloo,WLS,"Life Sciences, Honours",95
Waterloo,WLS,Life Sciences (Biomedical sciences),95
Waterloo,WLS,Life Sciences (Co-op and Regular),90.97
Waterloo,WLS,Life Sciences (Biomedical sciences),92
Waterloo,WLS,Life Sciences (Co-op and Regular),96
Waterloo,WLS,"Life Sciences, Honours",87.5
Waterloo,WLS,Life Science Co-op,86.56
Waterloo,WLS,Life Science Co-op,88.5
Waterloo,WLS,"Life Sciences, Honours",80
Waterloo,WLS,Life Science (co-op) (biology),88.16
Waterloo,WLS,Life Sciences (Co-op and Regular) (Biomedical Sciences),92.33
Waterloo,WM,Mathematics (Co-op and Regular),98
Waterloo,WM,Mathematics (Co-op and Regular),96.33
Waterloo,WM,Mathematics (Co-op and Regular),96.33
Waterloo,WM,Mathematics (Co-op),95.6
Waterloo,WM,Mathematics,93.83
Waterloo,WM,Mathematics (Co-op and Regular),99.5
Waterloo,WM,Mathematics (Co-op),97.67
Waterloo,WM,Mathematics,97.5
Waterloo,WM,Mathematics (Co-op),96.83
Waterloo,WM,Mathematics (Co-op),96.82
Waterloo,WM,Mathematics (Co-op),96.33
Waterloo,WM,Mathematics (Co-op),94.3
Waterloo,WM,Mathematics (Co-op),93.67
Waterloo,WM,Mathematics,93.4
Waterloo,WM,Mathematics (Co-op and Regular),93
Waterloo,WM,Mathematics (Co-op),92
Waterloo,WM,Mathematics (Co-op and Regular),91.67
Waterloo,WM,Mathematics (Co-op and Regular),91.33
Waterloo,WM,Mathematics (Co-op),93
Waterloo,WM,Mathematics (Co-op and Regular),91.2
Waterloo,WMB,Mathematics/Business Administration (Co-op and Regular) (Information Technology Management (co-op optional)),96.33
Waterloo,WMF,Mathematics/Financial Analysis and Risk Management (Regular/Co-op),95.6
Waterloo,WMF,Mathematics/Financial Analysis and Risk Management (Regular/Co-op),94
Waterloo,WMF,Mathematics/Financial Analysis and Risk Management (Regular/Co-op),92
Waterloo,WMF,Mathematics/Financial Analysis and Risk Management,94
Waterloo,WMF,Mathematics/Financial Analysis and Risk Management (Regular/Co-op),95.17
Waterloo,WMF,Mathematics/Financial Analysis and Risk Management (co-op),94.5
Waterloo,WMT,Mechatronics Engineering (Co-op only),96
Waterloo,WMT,Mechatronics Engineering (Co-op Only),97.83
Waterloo,WMT,Mechatronics Engineering (Co-op only),97.6
Waterloo,WMT,Mechatronics Engineering (Co-op only),97.5
Waterloo,WMT,Mechatronics Engineering (Co-op only),97.33
Waterloo,WMT,Mechatronics Engineering (Co-op only),97.17
Waterloo,WMT,Mechatronics Engineering (Co-op only),96.2
Waterloo,WMT,Mechatronics Engineering (Co-op only),95.5
Waterloo,WMT,Mechatronics Engineering (Co-op only),95
Waterloo,WMT,Mechatronics Engineering (Co-op only),93.16
Waterloo,WMT,Mechatronics Engineering (Co-op only),94
Waterloo,WMT,Mechatronics Engineering (Co-op only),96.83
Waterloo,WMT,Mechatronics Engineering (Co-op only),95.17
Waterloo,WMT,Mechatronics Engineering (Co-op only),96.83
Waterloo,WMT,Mechatronics Engineering (Co-op only),97.66
Waterloo,WN,Mathematics/CPA,95
Waterloo,WN,Mathematics/CPA,93.83
Waterloo,WN,Mathematics/CPA (Co-op Only),95.17
Waterloo,WNT,Nanotechnology Engineering (Co-op only),92
Waterloo,WNT,Nanotechnology Engineering (Co-op only),94
Waterloo,WNT,Nanotechnology Engineering (Co-op only),94
Waterloo,WNT,Nanotechnology Engineering (Co-op only),94.4
Waterloo,WNT,Nanotechnology Engineering (Co-op only),93
Waterloo,WNT,Nanotechnology Engineering (Co-op only),88
Waterloo,WNT,Nanotechnology Engineering (Co-op only),95.17
Waterloo,WP,Planning (Co-Op),97.8
Waterloo,WP,Planning (Co-Op),95
Waterloo,WP,Planning (Co-Op),94.33
Waterloo,WP,Planning (Co-Op),93
Waterloo,WP,Planning (Co-Op),91
Waterloo,WP,Planning (Co-Op),96
Waterloo,WP,Planning (Co-Op),91
Waterloo,WP,Planning (Co-Op),91
Waterloo,WP,Planning (Co-Op),85.83
Waterloo,WPS,Physical Sciences Honours Co-Op,98.8
Waterloo,WPS,Physical Sciences Honours Co-Op,94
Waterloo,WPS,Physical Sciences (Co-op and Regular),94
Waterloo,WPS,Physical Sciences (Co-op and Regular) (Astronomy/Physics (co-op optional)),93
Waterloo,WPS,Physical Sciences (Co-op and Regular) (Mathematical Physics (co-op optional),95
Waterloo,WPS,Physical Sciences (Co-op and Regular),93.75
Waterloo,WPS,Physical Sciences (physics & astronomy) (co-op),93.2
Waterloo,WPS,Physical Sciences,89.17
Waterloo,WPS,Physical Sciences (Co-op and Regular) (Biological and Medical Physics (co-op optional)),96
Waterloo,WPS,Physical Sciences Honours Co-Op,92.5
Waterloo,WPS,Physical Sciences (Co-op and Regular) (Chemistry (co-op optional)),96
Waterloo,WPS,Physical Sciences Honours Co-Op,94
Waterloo,WPS,Physical Sciences (Co-op),92
Waterloo,WPS,Physical Sciences,94
Waterloo,WPS,Physical Sciences,90
Waterloo,WPS,Physical Sciences,86
Waterloo,WR,Architecture (Co-op only),94
Waterloo,WS,Honours Science (Regular only),96
Waterloo,WS,"Honours Health Sciences, Regular",93.33
Waterloo,WS,"Honours Health Sciences, Co-op",93.33
Waterloo,WSB,Science and Business (Co-op and Regular),95
Waterloo,WSB,Science and Business,93.83
Waterloo,WSB,"Science and Business, Regular",87.6
Waterloo,WSB,Science and Business,84.5
Waterloo,WSB,Science and Business,84
Waterloo,WSF,Sustainability and Financial Management (Co-op only),94.67
Waterloo,WSF,Sustainability and Financial Management (Co-op only),90.16
Waterloo,WSO,Software Engineering (Co-op only),99
Waterloo,WSO,Software Engineering (Co-op only),98.17
Waterloo,WSO,Software Engineering (Co-op only),98
Waterloo,WSO,Software Engineering (Co-op only),97.5
Waterloo,WSO,Software Engineering (Co-op only),97.5
Waterloo,WSO,Software Engineering (Co-op only),97
Waterloo,WSO,Software Engineering (Co-op only),97
Waterloo,WSO,Software Engineering (Co-op only),96
Waterloo,WSO,Software Engineering (Co-op only),95.67
Waterloo,WSO,Software Engineering (Co-op only),95.5
Waterloo,WSO,Software Engineering (Co-op only),98.5
Waterloo,WSO,Software Engineering (Co-op only),98.5
Waterloo,WSO,Software Engineering (Co-op only),98
Waterloo,WSO,Software Engineering (Co-op only),97
Waterloo,WSO,Software Engineering (Co-op Only),96.5
Waterloo,WSV,Science and Aviation,92
Waterloo,WSV,Science and Aviation (Regular only),87.83
Waterloo,WWF,Electrical Engineering (Co-op only),95.83
Waterloo,WWF,Electrical Engineering (Co-op only),95.2
Waterloo,WWF,Electrical Engineering (Co-op only),98.3
Waterloo,WWF,Electrical Engineering (Co-op only),97.5
Waterloo,WWF,Electrical Engineering (Co-op only),96.17
Waterloo,WWF,Electrical Engineering (Co-op only),96
Waterloo,WWG,Geological Engineering Honours Co-op,90
Waterloo,WWH,Mechanical Engineering (Co-op),96.17
Waterloo,WWH,Mechanical Engineering (Co-op),93.5
Waterloo,WWH,Mechanical Engineering (Co-op),97
Waterloo,WWJ,Computer Engineering (Co-op only),98.17
Waterloo,WWJ,Computer Engineering (Co-op only),98
Waterloo,WWJ,Computer Engineering (Co-op only),98
Waterloo,WWJ,Computer Engineering (Co-op only),98
Waterloo,WWJ,Computer Engineering (Co-op only),97.5
Waterloo,WWJ,Computer Engineering (Co-op only),95.5
Waterloo,WWJ,Computer Engineering (Co-op only),95
Waterloo,WWJ,Computer Engineering (Co-op only),93.2
Waterloo,WWJ,Computer Engineering (Co-op only),97.33
Waterloo,WWJ,Computer Engineering (Co-op only),97
Waterloo,WWJ,Computer Engineering (Co-op only),95.66
Waterloo,WWJ,Computer Engineering (Co-op only),98.5
Waterloo,WXY,Accounting and Financial Management (Co-op Only),96.25
Waterloo,WXY,Accounting and Financial Management (co-op only),92.5
Waterloo,WXY,Accounting and Financial Management,99.2
Waterloo,WXY,Accounting and Financial Management,94.67
Waterloo,WXY,Accounting and Financial Management (Co-op Only),94.5
Waterloo,WXY,Accounting and Financial Management,94.16
Waterloo,WXY,Accounting and Financial Management,93.83
Waterloo,WXY,Accounting and Financial Management,93.67
Waterloo,WXY,Accounting and Financial Management (Co-op Only),92
Waterloo,WXY,Accounting and Financial Management (Co-op only),93.5
Waterloo,WXY,Accounting and Financial Management (Co-op only),89.6
Waterloo,WXY,Accounting and Financial Management (Co-op only),86.5
Waterloo,,Legal Studies,85.5
Western,AEO,Ivey AEO (with Computer Science),94.83
Western,AEO,Ivey AEO,94.16
Western,AEO,Ivey AEO,95.67
Western,AEO,Ivey AEO,95
Western,AEO,Ivey AEO,94.5
Western,EA,Arts and Humanities,96
Western,EA,Arts and Humanities (English Language and Literature),89
Western,ECS,Computer Science,94.3
Western,ECS,Computer Science,99
Western,ECS,Computer Science,98.83
Western,ECS,Computer Science,97
Western,ECS,Computer Science,97
Western,ECS,Computer Science,96.8
Western,ECS,Computer Science (field of interest: Data science),96.5
Western,ECS,Computer Science (Computer Science),96
Western,ECS,Computer Science (Computer Science),95
Western,ECS,Computer Science (Computer Science),98.3
Western,ECS,Computer Science,97
Western,ECS,Computer Science,94.8
Western,ECS,Computer Science,93.83
Western,ECS,Computer Science,93.66
Western,ECS,Computer Science,92.5
Western,ECS,Computer Science,98
Western,ECS,Computer Science,92.5
Western,ECS,Computer Science,89.5
Western,ECS,CS + AEO,96.17
Western,ECS,Computer Science,92
Western,ECS,Computer Science,90.83
Western,ECS,Computer Science,89.5
Western,ED,Management & Organizational Studies (Management and Legal Studies),97
Western,ED,Management & Organizational Studies (Finance),94
Western,ED,Management & Organizational Studies (Finance),93.5
Western,ED,Management & Organizational Studies,96
Western,ED,Management & Organizational Studies,97
Western,ED,Management & Organizational Studies (Finance),97
Western,ED,Management & Organizational Studies (Finance),96
Western,ED,Management & Organizational Studies (Finance),96
Western,ED,Management & Organizational Studies,94.67
Western,ED,Management & Organizational Studies,94
Western,ED,Management & Organizational Studies,98
Western,ED,Management & Organizational Studies,93.8
Western,ED,Management & Organizational Studies,92.67
Western,ED,Management & Organizational Studies,98.33
Western,ED,Management & Organizational Studies w/ Ivey AEO,96.8
Western,ED,Management & Organizational Studies w/ Ivey AEO,96
Western,ED,Management & Organizational Studies,93.83
Western,ED,Management & Organizational Studies w/ Ivey AEO,99.2
Western,ED,Management & Organizational Studies (Finance) w/ Ivey AEO,96
Western,ED,Management & Organizational Studies w/ Ivey AEO,95
Western,ED,Management & Organizational Studies,95.67
Western,EDN,Management and Organizational Studies (Commercial Aviation Management) – Flight,90.67
Western,EE,Engineering (Co-op and Regular),96.2
Western,EE,Engineering (Co-op and Regular),95
Western,EE,Engineering (Co-op),94
Western,EE,Engineering,97.67
Western,EE,Engineering (Co-op and Regular),97.67
Western,EE,Engineering (Co-op),97
Western,EE,Engineering (Co-op and Regular) (Mechanical Engineering (co-op optional)),94.17
Western,EE,Engineering,98
Western,EE,Engineering,93.83
Western,EE,Engineering,92.3
Western,EE,Engineering (Co-op and Regular) (Mechanical Engineering),92.17
Western,EE,Engineering (Co-op and Regular),91.5
Western,EE,Engineering,89.6
Western,EE,Engineering,88
Western,EE,Engineering,92.8
Western,EE,Engineering,90.5
Western,EE,Engineering,96
Western,EE,Engineering,94
Western,EE,Engineering,91.67
Western,EE,Engineering,91.5
Western,EE,Engineering,91.5
Western,EE,Engineering,95
Western,EE+AEO,Engineering (Co-op and Regular) + Ivey,94.6
Western,Efs,Family studies and human development,90.2
Western,EI,Media and Communication Studies,88.25
Western,EKC,Childhood and Youth Studies,97
Western,EM,BMus,93
Western,ENF,Fanshawe Collaborative Nursing,91.68
Western,ENW,Nursing BScN (Western site),96
Western,ENW,Nursing BScN (Western site),94.8
Western,ENW,Nursing BScN (Western site),93.2
Western,ENW,Nursing BScN (Western site),93.16
Western,ENW,Nursing BScN (Western site),94.5
Western,ENW,Nursing BScN (Western Site),93.16
Western,EO,Social Science,94.67
Western,EO,Social Science,96.5
Western,EO,Social Science (Economics),91.83
Western,EO,Social Science,94.61
Western,EO,Social Science,94.5
Western,EO,Social Science,91.4
Western,EO,Social Science,92.5
Western,EO,Social Science,91
Western,EP,Kinesiology (BSc),92.2
Western,EP,Kinesiology (BSc),92.5
Western,EP,Kinesiology,92.16
Western,EP,Kinesiology,89.67
Western,ES,Science (Astrophysics),98.8
Western,ES,Science (Animal Behaviour),93.3
Western,ES,Science,92
Western,ES,Science,90
Western,ES,Science,94.6
Western,ES,Science,92
Western,ES,Science,91.83
Western,ES,Science (Genetics & Biochemistry),90.67
Western,ESM,Medical Sciences,95
Western,ESM,Medical Sciences,96
Western,ESM,Medical Sciences,98.83
Western,ESM,Medical Sciences,97.17
Western,ESM,Medical Sciences (BMSc and BSc),97
Western,ESM,Medical Sciences,96.83
Western,ESM,Medical Sciences,96.67
Western,ESM,Medical Sciences,96.5
Western,ESM,Medical Sciences (Biochemistry),96.3
Western,ESM,Medical Sciences (BMSc and BSc) (Medical Biophysics),96
Western,ESM,Medical Sciences,95.25
Western,ESM,Medical Sciences,94
Western,ESM,Medical Sciences,93
Western,ESM,Medical Sciences (BMSc and BSc),97
Western,ESM,Medical Sciences (BMSc and BSc),96.8
Western,ESM,Medical Sciences,99
Western,ESM,Medical Sciences (BMSc and BSc),98.83
Western,ESM,Medical Sciences,97
Western,ESM,Medical Sciences,95
Western,ESM,Medical Sciences (BMSc and BSc),95
Western,ESM,Medical Sciences (BMSc and BSc),94
Western,ESM,Medical Sciences (BMSc and BSc),93.5
Western,ESM,Medical Sciences,97.16
Western,ESM,Medical Sciences,92.67
Western,ESM,Medical Sciences,98
Western,ESM,Medical Sciences,96.67
Western,ESM,Medical Sciences,95.5
Western,ESM,Medical Sciences,94
Western,ESM,Medical Sciences,94
Western,ESM,Medical Sciences,93.5
Western,ESM,Medical Sciences,99
Western,ESM,Medical Sciences,94
Western,ESM,Medical Sciences,94
Western,ESM,Medical Sciences,91.6
Western,ESM,Medical Sciences,90.5
Western,ESM,Medical Sciences,89.83
Western,ESM,Medical Sciences (BMSc and BSc),87.5
Western,ESM,Medical Sciences,92.5
Western,ESM,Medical Sciences,91
Western,ESM,Medical Sciences,91
Western,ESM,Medical Sciences,94
Western,EW,Health Sciences,96
Western,EW,Health Sciences (Health Sciences),99.67
Western,EW,Health Sciences (Health Sciences with Biology),95.33
Western,EW,Health Sciences,95.25
Western,EW,Health Sciences,94
Western,EW,Health Sciences,96.67
Western,EW,health science (major in bio),96.5
Western,EW,Health Sciences,94.3
Western,EW,Health Sciences,94
Western,EW,Health Sciences,94
Western,EW,Health Sciences,93.67
Western,EW,Health Sciences,93
Western,EW,Health Sciences,94
Western,EW,Health Sciences,92.67
Western,EW,Health Sciences,92.16
Western,EW,Health Sciences,92
Western - Huron,EHD,Management and Organizational Studies - Business Intelligence,90
Western - Huron,EHD,Management & Organizational Studies (Finance & Administration),93
Western - Huron,EHO,Social Science/Major of Interest-Psychology,90.5
Western - Huron,EHO,Social sciences,93.5
Windsor,Nef,Mechatronics Engineering,95
Windsor,NN,Nursing,96
Windsor,NN,Nursing,89.5
Windsor,NN,Nursing,91
York,YBA,Schulich BBA,96.8
York,YBA,Schulich BBA,96.5
York,YBA,Schulich BBA,95
York,YBA,Schulich BBA,93
York,YBA,Schulich BBA,93
York,YBA,Schulich BBA,98.1
York,YBA,Schulich BBA,96
York,YBA,Schulich BBA,95.67
York,YBA,Schulich BBA,95
York,YBA,Schulich BBA,91.4
York,YBA,Schulich BBA,91
York,YBA,Schulich BBA,96.16
York,YBA,Schulich BBA,92
York,YBA,Schulich BBA,91.67
York,YBA,Schulich BBA,91.67
York,YBA,Schulich BBA,91
York,YBA,Schulich BBA,90.67
York,YBA,Schulich BBA,90.3
York,YBA,Schulich BBA,89.66
York,YBA,Schulich BBA,92.8
York,YDE,Mathematics (BSc),97.3
York,YEW,Teacher Education: Educational Studies (Concurrent BEd),90
York,YFB,Faculty of Liberal Arts and Professional Studies Bachelor of Commerce (Accounting),91
York,YFB,Commerce,90.83
York,YFB,Commerce,88
York,YFK,Teacher Education: Liberal Arts & Professional Studies (Concurrent BEd),92.5
York,YFL,Human Resource Management,89
York,YFM,Information Technology (BA),82
York,YFT,Law & Society (BA),83
York,YFZ,Criminology (BA),83
York,YHA,Psychology (BA) Keele Campus,93
York,YHA,Psychology (BA),91
York,YHA,Psychology (BA),87
York,YHB,Psychology (BSc),95
York,YHB,Psychology (BSc),90.16
York,YHC,Kinesiology & Health Science (BA),89
York,YHC,Kinesiology & Health Science (BA),76.3
York,YHD,Kinesiology & Health Science (BSc),97.7
York,YHD,Kinesiology & Health Science (BSc),93
York,YHD,Kinesiology & Health Science (BSc),86.6
York,YHD,Kinesiology & Health Science (BSc) - Keele Campus,86
York,YHD,Kinesiology & Health Science (BSc),89.5
York,YHE,Biology (Biomedical Science) - Keele Campus,92
York,YHE,Kinesiology & Health Science - Keele Campus,92
York,YHE,Health Studies (BHS),91
York,YHU,Neuroscience BSc: Psychology,91
York,YHU,Neuroscience BSc: Psychology,84
York,YHV,Cities regions and planning,87.5
York,YHW,Nursing (Direct Entry),90
York,YHW,Nursing (Direct Entry),94
York,YHW,Nursing (Direct Entry),90
York,YHW,Nursing (Direct Entry),89.25
York,YHW,Nursing (Direct Entry),90.89
York,YHW,Nursing (Direct Entry),91.17
York,YHW,Nursing (Direct Entry),91
York,YMF,Computer Science for Software Development (BASc),92.2
York,YMF,Computer Science for Software Development (BASc),92.2
York,YMG,First Year Engineering Core Program,92.2
York,YMG,First Year Engineering Core Program,86
York,YMG,First Year Engineering Core Program,83
York,YMS,Statistics,80
York,YPK,"Computer Science (BA, iBA) - including Co-op",88
York,YSB,Biology (BSc),89
York,YSB,Biology (BSc),84
York,YSE,Earth & Atmospheric Science (BSc),93.66
York,YSE,Earth & Atmospheric Science (BSc),93.78
York,YSF,Biochemistry (BSc),90
York,YSG,Computer Science (BSc) - including Co-op,91.33
York,YSG,Computer Science (BSc) - including Co-op,92
York,YSG,"Computer Science (BSc, iBSc) - including Co-op",92.5
York,YSG,"Computer Science (BSc, iBSc) - including Co-op",93.83
York,YSG,Computer Science (BSc) - including Co-op,94.33
York,YSW,Biomedical Science - Keele Campus,93
York,YSW,"Biomedical Science (BSc, iBSc)",92
York,YSW,Biomedical Science - Keele Campus,86
York,YSW,Biomedical Sciences,88.16
York,YSW,Biomedical Sciences,88.25
York,YSW,Biomedical Sciences,84
York,YT,Engineering (BEng) - including Co-op,92
York,YT,Engineering (BEng) - including Co-op,94.6
York,YT,Engineering (BEng) - including Co-op,90.33
York,YT,Engineering (BEng) - including Co-op,95
York,YT,Engineering (BEng) - including Co-op,92
York,YT,Engineering (BEng) - including Co-op,96
York,YT,Engineering (BEng) - including Co-op,92
York,YT,Engineering (BEng) - including Co-op,91
York,YT,Engineering (BEng) - including Co-op,86.56
York,YT,Engineering (BEng) - Including Co-op,92.16
York,YUE,Political Science (BA),83
York,YVA,Neuroscience,90.25
York,YVA,Neuroscience,94
York,YYH,Glendon Campus - Psychology (BSc) / Psychologie (B.Sc.),95
York,YYQ,Ethics and Political Philosophy (BA),97
York,YYT,Glendon Campus - Communications (BA) / Communications (B.A.) (Communications (BA)/Communications (B.A.)),77